Date,Price,Open,High,Low,Vol.,Change %,New Vol.
2015-09-24,656.0,645.1,658.4,642.2,34.97K,1.67,34970.0
2015-09-25,657.2,652.0,659.0,650.2,16.95K,0.18,16950.0
2015-09-28,648.1,656.7,662.0,646.4,29.52K,-1.38,29520.0
2015-09-29,649.6,646.0,653.0,638.6,30.60K,0.23,30600.0
2015-09-30,663.0,649.7,668.6,647.6,26.13K,2.06,26130.0
2015-10-01,665.2,683.0,696.9,662.1,57.40K,0.33,57400.0
2015-10-05,648.1,672.0,672.2,646.2,47.20K,-2.57,47200.0
2015-10-06,650.8,651.6,656.8,645.3,33.57K,0.42,33570.0
2015-10-07,663.1,652.0,670.7,652.0,41.04K,1.89,41040.0
2015-10-08,663.0,660.5,665.5,658.2,29.39K,-0.02,29390.0
2015-10-09,683.5,668.0,699.9,668.0,73.34K,3.09,73340.0
2015-10-12,682.8,684.9,697.2,680.0,39.60K,-0.1,39600.0
2015-10-13,680.7,680.0,691.4,677.5,31.64K,-0.31,31640.0
2015-10-14,681.5,682.9,686.4,676.2,27.13K,0.12,27130.0
2015-10-15,684.2,684.2,692.5,680.7,31.83K,0.4,31830.0
2015-10-16,684.6,686.4,691.3,682.7,20.90K,0.06,20900.0
2015-10-19,673.2,684.0,684.0,670.0,27.09K,-1.67,27090.0
2015-10-20,678.6,671.5,679.6,668.0,27.55K,0.8,27550.0
2015-10-21,674.0,676.3,678.6,667.5,26.11K,-0.68,26110.0
2015-10-22,673.5,679.5,682.5,672.6,12.62K,-0.07,12620.0
2015-10-23,682.1,674.7,691.1,672.6,36.61K,1.28,36610.0
2015-10-26,679.5,682.6,686.0,675.1,23.30K,-0.38,23300.0
2015-10-27,686.1,677.5,688.4,675.2,22.12K,0.97,22120.0
2015-10-28,682.9,684.3,687.5,676.0,27.16K,-0.47,27160.0
2015-10-29,675.0,681.8,687.0,673.8,25.42K,-1.16,25420.0
2015-10-30,660.5,675.0,675.0,656.5,20.40K,-2.15,20400.0
2015-11-02,668.2,665.0,669.7,662.0,23.78K,1.17,23780.0
2015-11-03,655.6,668.5,670.6,654.5,34.70K,-1.89,34700.0
2015-11-04,651.7,660.3,664.0,649.3,36.69K,-0.59,36690.0
2015-11-05,649.3,651.4,653.9,639.3,38.00K,-0.37,38000.0
2015-11-06,641.6,647.5,650.8,640.1,29.05K,-1.19,29050.0
2015-11-09,638.4,645.2,647.0,637.5,22.66K,-0.5,22660.0
2015-11-10,635.1,637.0,642.9,629.3,31.50K,-0.52,31500.0
2015-11-11,629.2,629.8,631.2,627.5,4.30K,-0.93,4300.0
2015-11-12,623.1,631.0,635.5,622.1,18.01K,-0.97,18010.0
2015-11-13,626.2,625.4,630.8,621.2,22.43K,0.5,22430.0
2015-11-16,615.7,626.3,629.8,614.4,24.92K,-1.68,24920.0
2015-11-17,602.6,615.0,617.2,601.6,33.72K,-2.13,33720.0
2015-11-18,597.0,603.4,609.7,595.4,34.95K,-0.93,34950.0
2015-11-19,592.6,595.9,600.4,588.7,34.25K,-0.74,34250.0
2015-11-20,574.4,588.5,598.4,572.1,57.12K,-3.07,57120.0
2015-11-23,549.2,552.1,559.4,542.4,48.04K,-4.39,48040.0
2015-11-24,584.0,550.5,588.7,549.4,64.08K,6.34,64080.0
2015-11-25,592.1,581.4,595.8,572.5,30.02K,1.39,30020.0
2015-11-26,608.0,596.0,618.5,596.0,49.12K,2.69,49120.0
2015-11-27,585.5,604.3,606.2,578.6,49.76K,-3.7,49760.0
2015-11-30,586.1,580.1,590.8,578.8,23.54K,0.1,23540.0
2015-12-01,602.7,596.2,603.7,588.5,35.00K,2.83,35000.0
2015-12-02,595.9,604.0,608.9,594.4,37.38K,-1.13,37380.0
2015-12-03,595.1,594.0,596.4,581.1,39.03K,-0.13,39030.0
2015-12-04,601.6,594.6,613.8,592.3,45.43K,1.09,45430.0
2015-12-07,587.1,604.0,610.5,586.0,32.94K,-2.41,32940.0
2015-12-08,580.6,585.5,588.6,573.0,36.84K,-1.11,36840.0
2015-12-09,583.1,582.2,593.2,579.5,37.13K,0.43,37130.0
2015-12-10,572.3,582.0,583.7,570.9,37.62K,-1.85,37620.0
2015-12-11,589.1,576.6,591.9,575.4,41.15K,2.94,41150.0
2015-12-14,592.7,590.0,593.7,578.3,28.73K,0.61,28730.0
2015-12-15,572.7,587.9,588.9,571.8,34.09K,-3.37,34090.0
2015-12-16,587.0,578.8,592.9,577.8,39.25K,2.5,39250.0
2015-12-17,574.5,584.5,584.5,571.5,29.74K,-2.13,29740.0
2015-12-18,580.9,577.9,586.0,575.8,33.33K,1.11,33330.0
2015-12-21,585.8,579.0,590.5,576.5,34.50K,0.84,34500.0
2015-12-22,572.2,582.3,587.0,571.5,29.50K,-2.32,29500.0
2015-12-23,570.1,574.5,577.0,568.2,35.99K,-0.37,35990.0
2015-12-24,567.2,571.0,571.0,565.3,16.71K,-0.51,16710.0
2015-12-28,561.6,566.2,567.0,558.8,18.23K,-0.99,18230.0
2015-12-29,575.7,563.6,579.7,562.2,45.13K,2.51,45130.0
2015-12-30,574.7,575.3,578.7,570.6,29.71K,-0.17,29710.0
2015-12-31,575.8,576.1,581.7,573.1,23.62K,0.19,23620.0
2016-01-01,585.5,581.8,588.3,581.3,5.86K,1.68,5860.0
2016-01-04,571.1,582.2,582.2,567.5,44.30K,-2.46,44300.0
2016-01-05,569.6,571.0,578.3,568.8,29.21K,-0.26,29210.0
2016-01-06,577.4,570.9,578.6,567.0,34.44K,1.37,34440.0
2016-01-07,562.9,575.0,575.0,551.4,44.76K,-2.51,44760.0
2016-01-08,569.8,559.8,573.6,559.7,33.89K,1.23,33890.0
2016-01-11,552.2,564.6,564.6,551.3,33.50K,-3.09,33500.0
2016-01-12,545.7,554.0,556.8,544.2,31.73K,-1.18,31730.0
2016-01-13,554.6,548.3,559.5,548.3,31.24K,1.63,31240.0
2016-01-14,579.4,560.0,582.9,560.0,39.16K,4.47,39160.0
2016-01-15,572.1,577.0,578.0,567.1,34.06K,-1.26,34060.0
2016-01-18,578.9,580.0,585.5,576.2,29.98K,1.19,29980.0
2016-01-19,581.4,578.4,591.7,577.9,34.90K,0.43,34900.0
2016-01-20,581.5,580.0,587.2,576.4,27.53K,0.02,27530.0
2016-01-21,592.2,585.4,594.8,575.2,25.64K,1.84,25640.0
2016-01-22,582.9,587.9,599.5,581.7,32.89K,-1.57,32890.0
2016-01-25,577.8,582.5,586.7,577.0,22.75K,-0.87,22750.0
2016-01-27,588.3,586.2,595.0,585.3,31.90K,1.82,31900.0
2016-01-28,582.8,587.3,590.6,582.0,22.82K,-0.93,22820.0
2016-01-29,579.3,583.0,584.3,577.2,18.27K,-0.6,18270.0
2016-02-01,580.6,587.1,587.1,575.0,27.66K,0.22,27660.0
2016-02-02,572.7,582.9,588.0,572.1,29.24K,-1.36,29240.0
2016-02-03,581.8,577.9,583.8,577.3,27.02K,1.59,27020.0
2016-02-04,580.0,585.0,588.0,575.9,28.03K,-0.31,28030.0
2016-02-05,555.5,579.0,582.2,547.4,42.74K,-4.22,42740.0
2016-02-08,563.6,556.1,566.7,550.2,35.92K,1.46,35920.0
2016-02-09,551.9,565.0,569.3,550.7,33.04K,-2.08,33040.0
2016-02-10,542.1,551.8,556.5,539.2,39.47K,-1.78,39470.0
2016-02-11,522.6,542.4,543.4,520.5,40.55K,-3.6,40550.0
2016-02-12,534.1,524.9,536.4,524.9,31.82K,2.2,31820.0
2016-02-15,564.4,542.0,565.9,542.0,41.88K,5.67,41880.0
2016-02-16,572.1,566.0,573.4,563.2,30.39K,1.36,30390.0
2016-02-17,576.4,570.1,579.8,565.4,24.50K,0.75,24500.0
2016-02-18,572.6,574.0,575.0,568.8,20.34K,-0.66,20340.0
2016-02-19,592.2,574.5,594.0,574.1,26.95K,3.42,26950.0
2016-02-22,599.1,588.9,602.6,587.3,31.42K,1.17,31420.0
2016-02-23,592.4,594.5,600.8,588.6,27.41K,-1.12,27410.0
2016-02-24,592.0,589.1,593.4,580.9,27.36K,-0.07,27360.0
2016-02-25,572.9,588.5,590.0,571.6,27.96K,-3.23,27960.0
2016-02-26,582.7,576.6,588.9,576.6,26.27K,1.71,26270.0
2016-02-29,579.5,577.0,581.4,575.0,15.14K,-0.55,15140.0
2016-03-01,591.6,582.0,592.8,580.2,23.52K,2.09,23520.0
2016-03-02,589.9,591.6,603.9,588.7,37.54K,-0.29,37540.0
2016-03-03,606.1,592.0,607.7,589.8,31.30K,2.75,31300.0
2016-03-04,626.7,607.5,628.1,604.6,51.41K,3.4,51410.0
2016-03-07,627.5,628.9,638.5,624.4,30.12K,0.13,30120.0
2016-03-08,581.7,618.0,620.0,580.0,63.22K,-7.3,63220.0
2016-03-09,599.0,586.0,601.7,586.0,45.40K,2.97,45400.0
2016-03-10,593.1,598.0,599.6,585.7,30.73K,-0.98,30730.0
2016-03-11,588.7,594.6,598.2,587.3,28.27K,-0.74,28270.0
2016-03-14,582.5,593.0,596.4,577.3,31.18K,-1.05,31180.0
2016-03-15,580.6,584.0,588.0,575.2,26.59K,-0.33,26590.0
2016-03-16,578.3,580.8,583.9,572.2,26.57K,-0.4,26570.0
2016-03-17,590.0,582.1,592.0,577.4,38.26K,2.02,38260.0
2016-03-18,574.1,592.0,600.0,573.0,33.79K,-2.69,33790.0
2016-03-21,584.1,579.3,586.5,570.3,27.83K,1.74,27830.0
2016-03-22,586.9,581.9,589.3,576.2,22.45K,0.48,22450.0
2016-03-23,577.9,586.4,586.9,576.6,20.72K,-1.53,20720.0
2016-03-24,581.0,577.7,584.0,575.5,10.75K,0.54,10750.0
2016-03-28,576.6,579.8,582.9,575.0,11.01K,-0.76,11010.0
2016-03-29,564.4,577.8,578.2,561.7,27.76K,-2.12,27760.0
2016-03-30,557.7,564.5,565.6,556.2,24.71K,-1.19,24710.0
2016-03-31,550.6,558.0,559.3,549.4,20.10K,-1.27,20100.0
2016-04-01,555.9,564.3,569.2,554.6,26.71K,0.96,26710.0
2016-04-04,559.2,555.5,560.0,550.0,21.58K,0.59,21580.0
2016-04-05,568.3,557.0,569.2,555.2,24.49K,1.63,24490.0
2016-04-06,573.1,567.5,575.0,565.0,24.11K,0.84,24110.0
2016-04-07,562.1,572.9,572.9,560.8,23.76K,-1.92,23760.0
2016-04-08,572.8,564.0,575.9,563.4,21.44K,1.9,21440.0
2016-04-11,567.6,574.0,577.3,564.0,18.88K,-0.91,18880.0
2016-04-12,589.4,570.7,591.9,570.0,30.02K,3.84,30020.0
2016-04-13,596.3,591.0,599.5,588.1,25.68K,1.17,25680.0
2016-04-14,599.9,595.5,600.9,593.0,13.69K,0.6,13690.0
2016-04-15,593.7,595.8,596.9,587.1,15.52K,-1.03,15520.0
2016-04-18,606.4,593.5,607.4,591.2,25.48K,2.14,25480.0
2016-04-19,610.1,602.1,613.2,596.6,24.22K,0.61,24220.0
2016-04-20,613.2,608.0,618.7,602.5,32.83K,0.51,32830.0
2016-04-21,602.1,617.0,633.8,591.3,61.92K,-1.81,61920.0
2016-04-22,601.6,600.8,622.3,598.2,41.28K,-0.08,41280.0
2016-04-25,606.3,603.6,610.9,599.4,27.78K,0.78,27780.0
2016-04-26,609.4,605.3,614.0,598.5,29.87K,0.51,29870.0
2016-04-27,610.7,605.2,614.9,603.5,29.49K,0.21,29490.0
2016-04-28,613.8,608.1,616.5,604.0,21.46K,0.51,21460.0
2016-04-29,628.6,618.0,631.5,611.7,21.20K,2.41,21200.0
2016-05-02,629.1,634.2,636.6,627.1,14.35K,0.08,14350.0
2016-05-03,633.7,629.6,646.7,623.6,54.35K,0.73,54350.0
2016-05-04,630.7,633.0,636.7,628.4,31.63K,-0.47,31630.0
2016-05-05,597.7,629.8,629.8,596.6,47.20K,-5.23,47200.0
2016-05-06,604.4,599.0,609.6,598.6,35.56K,1.12,35560.0
2016-05-09,579.1,601.4,603.1,578.0,36.48K,-4.19,36480.0
2016-05-10,582.5,580.0,587.7,577.2,29.28K,0.59,29280.0
2016-05-11,590.4,585.3,594.6,584.5,31.35K,1.36,31350.0
2016-05-12,577.9,590.0,597.8,577.3,32.83K,-2.12,32830.0
2016-05-13,580.9,577.8,584.1,575.2,23.21K,0.52,23210.0
2016-05-16,584.8,581.5,589.5,577.8,22.78K,0.67,22780.0
2016-05-17,587.4,583.0,589.5,579.0,25.15K,0.44,25150.0
2016-05-18,581.0,582.5,585.0,576.2,21.52K,-1.09,21520.0
2016-05-19,578.8,579.6,581.4,573.0,23.23K,-0.38,23230.0
2016-05-20,572.1,579.2,583.3,571.2,25.45K,-1.16,25450.0
2016-05-23,564.3,571.9,572.6,563.4,29.25K,-1.36,29250.0
2016-05-24,570.1,567.8,574.0,565.0,28.24K,1.03,28240.0
2016-05-25,562.0,569.9,571.9,561.5,24.65K,-1.42,24650.0
2016-05-26,558.7,563.0,569.0,557.5,28.93K,-0.59,28930.0
2016-05-27,562.1,559.5,568.5,559.5,21.23K,0.61,21230.0
2016-05-30,559.0,564.0,564.0,557.0,7.90K,-0.55,7900.0
2016-05-31,568.7,562.5,572.0,562.5,28.12K,1.74,28120.0
2016-06-01,574.1,570.8,576.4,566.5,24.38K,0.95,24380.0
2016-06-02,570.0,572.3,574.8,567.9,23.37K,-0.71,23370.0
2016-06-03,572.1,570.8,581.4,570.4,31.57K,0.37,31570.0
2016-06-06,581.0,576.5,586.8,576.5,25.92K,1.56,25920.0
2016-06-07,576.7,580.3,581.9,572.9,21.15K,-0.74,21150.0
2016-06-08,598.9,579.0,599.6,578.3,39.01K,3.85,39010.0
2016-06-09,598.3,599.9,609.7,591.6,50.24K,-0.1,50240.0
2016-06-10,597.6,595.4,604.0,592.8,23.48K,-0.12,23480.0
2016-06-13,596.3,595.2,600.0,594.3,20.16K,-0.22,20160.0
2016-06-14,597.4,595.5,599.3,592.9,19.09K,0.18,19090.0
2016-06-15,603.6,598.5,613.7,598.5,45.51K,1.04,45510.0
2016-06-16,597.2,601.0,603.0,593.2,25.53K,-1.06,25530.0
2016-06-17,606.5,594.8,608.9,594.8,36.67K,1.56,36670.0
2016-06-20,623.7,610.0,625.5,610.0,36.09K,2.84,36090.0
2016-06-21,620.3,619.5,624.5,614.1,38.65K,-0.55,38650.0
2016-06-22,619.0,621.7,625.9,618.0,34.16K,-0.21,34160.0
2016-06-23,618.5,616.6,620.4,615.2,22.58K,-0.08,22580.0
2016-06-24,608.3,613.0,614.0,597.2,35.08K,-1.65,35080.0
2016-06-27,606.6,606.1,617.6,605.1,33.21K,-0.28,33210.0
2016-06-28,630.1,612.6,631.3,612.6,42.10K,3.87,42100.0
2016-06-29,633.3,625.0,634.2,623.6,29.34K,0.51,29340.0
2016-06-30,636.7,635.0,640.3,634.3,16.52K,0.54,16520.0
2016-07-01,671.1,643.5,674.2,641.4,50.66K,5.4,50660.0
2016-07-04,676.3,669.0,701.4,669.0,69.06K,0.77,69060.0
2016-07-05,654.9,670.1,695.8,653.0,85.66K,-3.16,85660.0
2016-07-06,680.9,655.3,684.5,652.2,37.39K,3.97,37390.0
2016-07-07,654.7,680.6,683.0,653.7,61.89K,-3.85,61890.0
2016-07-08,663.6,651.6,668.3,650.4,52.04K,1.36,52040.0
2016-07-11,674.8,667.4,684.9,667.4,42.04K,1.69,42040.0
2016-07-12,701.4,679.5,706.4,678.5,55.51K,3.94,55510.0
2016-07-13,688.9,708.0,715.8,687.0,47.04K,-1.78,47040.0
2016-07-14,691.7,694.4,703.7,687.1,45.28K,0.41,45280.0
2016-07-15,686.5,691.0,703.0,684.4,46.56K,-0.75,46560.0
2016-07-18,709.7,688.2,710.5,687.6,53.75K,3.38,53750.0
2016-07-19,702.5,706.2,710.1,695.0,54.12K,-1.01,54120.0
2016-07-20,708.4,699.2,709.9,692.0,59.29K,0.84,59290.0
2016-07-21,718.0,710.0,729.6,710.0,69.11K,1.36,69110.0
2016-07-22,696.4,715.0,717.0,695.5,53.47K,-3.01,53470.0
2016-07-25,705.9,701.5,707.5,697.3,37.79K,1.36,37790.0
2016-07-26,694.7,701.7,701.7,687.6,37.99K,-1.59,37990.0
2016-07-27,694.0,692.2,701.0,688.2,38.04K,-0.1,38040.0
2016-07-28,715.3,698.2,716.8,698.0,37.37K,3.07,37370.0
2016-07-29,701.4,710.9,711.1,699.4,17.11K,-1.94,17110.0
2016-08-01,718.1,714.5,723.4,714.5,28.69K,2.38,28690.0
2016-08-02,716.4,722.6,726.8,705.1,36.81K,-0.24,36810.0
2016-08-03,720.4,717.1,722.1,708.8,38.65K,0.56,38650.0
2016-08-04,708.3,715.5,715.5,698.8,44.86K,-1.68,44860.0
2016-08-05,716.3,709.6,717.5,705.0,33.71K,1.13,33710.0
2016-08-08,721.2,717.7,725.4,717.7,23.94K,0.68,23940.0
2016-08-09,721.2,719.1,723.4,713.5,28.21K,0.0,28210.0
2016-08-10,722.6,719.3,734.3,714.3,51.47K,0.19,51470.0
2016-08-11,716.0,721.5,722.8,714.8,25.40K,-0.91,25400.0
2016-08-12,688.7,714.0,714.0,687.8,47.21K,-3.81,47210.0
2016-08-16,685.1,693.2,699.7,684.1,39.90K,-0.52,39900.0
2016-08-17,685.4,690.0,691.8,680.8,30.60K,0.04,30600.0
2016-08-18,689.6,689.1,695.5,684.4,25.46K,0.61,25460.0
2016-08-19,694.2,688.1,697.6,686.1,22.02K,0.67,22020.0
2016-08-22,688.1,691.8,691.8,681.8,23.35K,-0.88,23350.0
2016-08-23,684.1,686.1,690.0,683.2,20.70K,-0.58,20700.0
2016-08-24,667.6,685.3,688.5,665.9,27.35K,-2.41,27350.0
2016-08-25,656.7,669.9,669.9,654.3,27.36K,-1.63,27360.0
2016-08-26,656.8,660.0,663.8,653.1,28.82K,0.02,28820.0
2016-08-29,659.8,657.3,661.4,657.3,9.94K,0.46,9940.0
2016-08-30,655.4,660.9,661.8,651.0,23.71K,-0.67,23710.0
2016-08-31,650.7,653.0,657.8,648.2,14.96K,-0.72,14960.0
2016-09-01,664.6,661.0,668.0,655.8,37.21K,2.14,37210.0
2016-09-02,669.3,668.0,673.3,665.0,25.51K,0.71,25510.0
2016-09-05,667.2,668.2,672.0,663.6,11.03K,-0.31,11030.0
2016-09-06,671.2,670.7,678.0,668.7,27.89K,0.6,27890.0
2016-09-07,679.1,671.9,680.8,671.5,26.41K,1.18,26410.0
2016-09-08,685.5,680.0,688.3,678.1,31.25K,0.94,31250.0
2016-09-09,692.3,684.7,695.9,682.0,31.59K,0.99,31590.0
2016-09-12,672.3,691.3,691.3,666.1,33.55K,-2.89,33550.0
2016-09-13,662.5,671.4,676.0,660.5,20.60K,-1.46,20600.0
2016-09-14,659.0,664.9,665.4,653.3,34.48K,-0.53,34480.0
2016-09-15,648.9,662.0,665.9,648.2,39.25K,-1.53,39250.0
2016-09-16,651.6,649.5,653.4,642.5,33.19K,0.42,33190.0
2016-09-19,678.7,653.0,679.5,653.0,46.05K,4.16,46050.0
2016-09-20,687.2,679.0,688.8,677.0,32.90K,1.25,32900.0
2016-09-21,690.3,685.5,693.8,683.3,26.06K,0.45,26060.0
2016-09-22,705.1,691.0,706.7,691.0,36.16K,2.14,36160.0
2016-09-23,706.3,705.0,711.5,698.6,39.40K,0.17,39400.0
2016-09-26,694.8,705.0,705.0,692.7,33.18K,-1.63,33180.0
2016-09-27,703.1,694.0,718.5,685.2,76.94K,1.19,76940.0
2016-09-28,707.3,703.0,710.4,698.7,34.51K,0.6,34510.0
2016-09-29,693.8,709.0,716.5,691.1,39.30K,-1.91,39300.0
2016-09-30,699.1,692.3,702.0,685.9,17.34K,0.76,17340.0
2016-10-03,687.7,701.5,709.7,679.3,49.21K,-1.63,49210.0
2016-10-04,671.7,687.0,692.4,668.0,44.19K,-2.33,44190.0
2016-10-05,675.8,672.5,677.9,663.7,33.35K,0.61,33350.0
2016-10-06,684.5,673.0,686.0,670.9,30.08K,1.29,30080.0
2016-10-07,680.9,684.0,692.3,677.9,30.48K,-0.53,30480.0
2016-10-10,699.9,682.0,701.4,682.0,35.07K,2.79,35070.0
2016-10-11,697.7,698.0,701.3,691.8,17.18K,-0.31,17180.0
2016-10-12,706.6,702.0,708.4,702.0,17.62K,1.28,17620.0
2016-10-13,696.4,702.2,702.2,692.5,36.26K,-1.44,36260.0
2016-10-14,697.9,696.6,699.0,693.5,21.95K,0.22,21950.0
2016-10-17,688.1,698.5,701.4,686.5,26.35K,-1.4,26350.0
2016-10-18,695.4,689.5,697.0,688.6,21.58K,1.06,21580.0
2016-10-19,685.8,692.8,692.9,677.9,29.96K,-1.38,29960.0
2016-10-20,675.2,686.5,688.0,674.4,21.60K,-1.55,21600.0
2016-10-21,666.6,674.9,676.0,665.8,25.04K,-1.27,25040.0
2016-10-24,677.6,670.8,679.0,667.4,29.45K,1.65,29450.0
2016-10-25,682.0,680.4,689.6,680.4,26.60K,0.65,26600.0
2016-10-26,681.2,681.9,685.9,675.2,24.81K,-0.12,24810.0
2016-10-27,689.9,681.0,692.0,675.2,29.13K,1.28,29130.0
2016-10-28,692.4,693.4,695.9,686.9,23.89K,0.36,23890.0
2016-10-30,691.3,692.4,694.0,691.0,1.06K,-0.16,1060.0
2016-10-31,696.6,699.2,703.0,696.6,13.34K,0.77,13340.0
2016-11-01,697.2,700.2,705.5,696.0,24.67K,0.09,24670.0
2016-11-02,690.9,696.0,697.5,690.3,19.77K,-0.9,19770.0
2016-11-03,700.1,694.7,704.5,694.2,21.89K,1.33,21890.0
2016-11-04,698.0,700.0,703.6,696.2,19.41K,-0.3,19410.0
2016-11-07,747.7,702.4,750.2,702.4,57.64K,7.12,57640.0
2016-11-08,745.1,752.8,757.8,735.9,52.58K,-0.35,52580.0
2016-11-09,771.4,738.0,773.7,735.0,47.56K,3.53,47560.0
2016-11-10,766.9,774.8,786.9,762.1,37.05K,-0.58,37050.0
2016-11-11,757.7,781.0,812.9,744.0,80.36K,-1.2,80360.0
2016-11-14,769.4,757.0,771.8,751.7,17.29K,1.54,17290.0
2016-11-15,769.1,773.0,773.0,748.4,28.52K,-0.04,28520.0
2016-11-16,769.9,757.1,775.8,757.1,26.80K,0.1,26800.0
2016-11-17,760.2,764.6,768.3,757.7,19.29K,-1.26,19290.0
2016-11-18,740.7,757.9,762.0,738.3,28.51K,-2.57,28510.0
2016-11-21,776.0,749.7,777.1,749.7,28.80K,4.77,28800.0
2016-11-22,773.9,776.0,785.0,772.2,24.39K,-0.27,24390.0
2016-11-23,798.5,776.0,799.7,773.0,27.63K,3.18,27630.0
2016-11-24,791.8,803.0,804.6,790.3,30.08K,-0.84,30080.0
2016-11-25,799.4,792.6,802.8,778.3,27.60K,0.96,27600.0
2016-11-28,787.5,796.1,816.5,785.6,31.88K,-1.49,31880.0
2016-11-29,763.9,785.0,785.0,754.7,23.29K,-3.0,23290.0
2016-11-30,754.3,752.2,763.0,744.6,13.86K,-1.26,13860.0
2016-12-01,764.7,767.5,775.3,761.2,24.54K,1.38,24540.0
2016-12-02,781.5,762.6,786.3,756.5,27.43K,2.2,27430.0
2016-12-05,790.4,787.4,800.6,785.3,24.54K,1.14,24540.0
2016-12-06,786.0,787.9,792.3,780.3,22.00K,-0.56,22000.0
2016-12-07,768.8,786.5,795.1,767.7,27.52K,-2.19,27520.0
2016-12-08,751.8,772.0,774.6,748.2,24.02K,-2.21,24020.0
2016-12-09,772.6,756.0,773.8,756.0,22.31K,2.77,22310.0
2016-12-12,762.7,765.0,770.7,760.3,11.90K,-1.28,11900.0
2016-12-13,769.4,766.0,776.5,758.5,24.28K,0.88,24280.0
2016-12-14,773.0,773.6,776.9,762.3,21.15K,0.47,21150.0
2016-12-15,763.4,775.0,776.7,761.3,21.95K,-1.24,21950.0
2016-12-16,758.3,768.0,773.0,754.6,22.28K,-0.67,22280.0
2016-12-19,736.3,757.9,759.4,724.4,26.08K,-2.9,26080.0
2016-12-20,742.9,740.0,747.4,736.3,21.01K,0.9,21010.0
2016-12-21,732.8,744.0,745.3,731.9,15.59K,-1.36,15590.0
2016-12-22,729.8,731.7,732.4,717.1,23.28K,-0.41,23280.0
2016-12-23,706.0,725.5,726.8,702.3,26.63K,-3.26,26630.0
2016-12-26,692.2,701.9,701.9,677.8,11.50K,-1.95,11500.0
2016-12-27,704.8,696.0,707.7,692.7,10.86K,1.82,10860.0
2016-12-28,687.0,698.4,698.8,685.6,25.80K,-2.53,25800.0
2016-12-29,685.7,690.0,692.4,678.7,18.61K,-0.19,18610.0
2016-12-30,682.0,685.2,688.2,679.4,10.68K,-0.54,10680.0
2017-01-02,690.7,685.2,692.0,685.1,5.24K,1.28,5240.0
2017-01-03,683.8,695.0,701.9,680.1,32.71K,-1.0,32710.0
2017-01-04,697.1,687.3,698.3,681.6,24.50K,1.95,24500.0
2017-01-05,696.1,698.5,704.4,693.5,26.93K,-0.14,26930.0
2017-01-06,700.5,694.9,702.8,692.0,19.31K,0.63,19310.0
2017-01-09,706.9,704.5,709.4,701.4,21.78K,0.91,21780.0
2017-01-10,721.0,709.0,725.4,708.8,23.70K,1.99,23700.0
2017-01-11,688.6,720.4,724.4,686.8,38.61K,-4.49,38610.0
2017-01-12,701.8,690.0,704.1,661.1,79.60K,1.92,79600.0
2017-01-13,710.0,698.7,712.8,686.5,36.10K,1.17,36100.0
2017-01-16,697.2,708.0,708.8,696.0,23.07K,-1.8,23070.0
2017-01-17,688.0,695.8,702.2,685.7,28.62K,-1.32,28620.0
2017-01-18,693.1,690.2,698.0,688.6,20.15K,0.74,20150.0
2017-01-19,673.2,695.0,696.4,672.0,36.85K,-2.87,36850.0
2017-01-20,658.7,676.5,678.1,655.1,39.29K,-2.15,39290.0
2017-01-23,664.6,665.3,675.0,661.4,32.30K,0.9,32299.999999999996
2017-01-24,667.0,669.7,670.3,660.6,30.49K,0.36,30490.0
2017-01-25,659.8,668.6,668.6,648.2,39.98K,-1.08,39980.0
2017-01-27,645.1,658.0,658.0,636.5,39.28K,-2.23,39280.0
2017-01-30,656.9,650.0,658.0,643.4,28.55K,1.83,28550.0
2017-01-31,667.8,655.2,672.1,654.1,23.39K,1.66,23390.0
2017-02-01,692.1,682.5,693.5,676.0,29.51K,3.64,29510.0
2017-02-02,696.9,689.0,707.4,688.5,39.80K,0.69,39800.0
2017-02-03,689.6,690.7,694.5,681.1,38.99K,-1.05,38990.0
2017-02-06,703.1,693.0,703.8,693.0,26.42K,1.96,26420.0
2017-02-07,696.9,698.0,702.5,693.6,24.86K,-0.88,24860.0
2017-02-08,701.9,698.0,709.4,697.3,27.12K,0.72,27120.0
2017-02-09,686.3,700.8,703.0,685.4,29.08K,-2.22,29080.0
2017-02-10,710.8,691.8,712.6,691.8,33.47K,3.57,33470.0
2017-02-13,714.5,713.0,721.6,712.6,26.97K,0.52,26970.0
2017-02-14,720.4,717.1,726.2,712.0,33.95K,0.83,33950.0
2017-02-15,728.4,718.1,729.0,713.6,33.58K,1.11,33580.0
2017-02-16,739.6,729.8,740.4,724.6,44.43K,1.54,44430.0
2017-02-17,739.7,734.2,740.3,725.7,42.23K,0.01,42230.0
2017-02-20,744.3,736.5,745.0,736.0,22.14K,0.62,22140.0
2017-02-21,721.5,738.0,742.4,720.2,34.40K,-3.06,34400.0
2017-02-22,716.5,723.4,725.5,715.2,26.43K,-0.69,26430.0
2017-02-23,700.2,713.1,715.2,698.5,31.89K,-2.27,31890.0
2017-02-24,723.7,710.0,725.0,707.7,17.89K,3.36,17890.0
2017-02-27,734.1,725.0,735.7,722.6,24.09K,1.44,24090.0
2017-02-28,726.7,730.0,731.0,723.6,9.82K,-1.01,9820.0
2017-03-01,737.1,736.1,744.1,733.5,25.80K,1.43,25800.0
2017-03-02,722.4,735.0,737.5,720.7,28.50K,-1.99,28500.0
2017-03-03,735.7,726.1,737.0,725.8,26.21K,1.84,26210.0
2017-03-06,738.9,736.6,740.0,729.2,22.89K,0.43,22890.0
2017-03-07,710.9,733.7,734.5,709.5,36.79K,-3.79,36790.0
2017-03-08,678.9,712.5,713.3,676.6,49.62K,-4.5,49620.0
2017-03-09,678.0,682.0,683.3,671.5,40.85K,-0.13,40850.0
2017-03-10,660.5,676.4,679.0,657.9,41.06K,-2.58,41060.0
2017-03-13,675.4,665.0,679.9,665.0,17.90K,2.26,17900.0
2017-03-14,672.8,674.7,677.6,661.8,33.04K,-0.38,33040.0
2017-03-15,671.5,670.0,678.8,667.1,25.58K,-0.19,25580.0
2017-03-16,666.7,672.9,677.0,663.9,25.69K,-0.71,25690.0
2017-03-17,671.9,671.2,673.7,665.1,20.58K,0.78,20580.0
2017-03-20,664.0,670.6,670.8,660.5,26.43K,-1.18,26430.0
2017-03-21,663.6,666.9,667.9,659.1,23.13K,-0.06,23130.0
2017-03-22,658.4,662.1,662.1,649.3,30.88K,-0.78,30880.0
2017-03-23,654.1,656.8,660.1,651.6,26.52K,-0.65,26520.0
2017-03-24,644.3,653.2,654.2,641.5,31.61K,-1.5,31610.0
2017-03-27,637.1,641.6,641.6,625.6,26.66K,-1.12,26660.0
2017-03-28,648.1,640.0,648.8,631.5,32.95K,1.73,32950.0
2017-03-29,646.2,644.4,650.8,641.5,22.82K,-0.29,22820.0
2017-03-30,646.2,643.7,652.7,641.4,23.51K,0.0,23510.0
2017-03-31,643.4,644.7,651.7,640.4,18.44K,-0.43,18440.0
2017-04-03,639.4,650.0,656.5,638.6,35.16K,-0.62,35160.0
2017-04-04,652.2,643.0,653.0,643.0,16.11K,2.0,16110.0
2017-04-05,672.6,653.4,673.5,653.4,31.25K,3.13,31250.0
2017-04-06,654.1,669.5,672.3,650.9,40.38K,-2.75,40380.0
2017-04-07,656.8,653.0,659.0,641.0,40.76K,0.41,40760.0
2017-04-10,652.0,652.5,658.9,650.0,24.57K,-0.73,24570.0
2017-04-11,638.1,654.7,657.6,632.2,39.49K,-2.13,39490.0
2017-04-12,628.4,637.5,638.0,627.5,35.23K,-1.52,35230.0
2017-04-13,626.7,634.4,634.4,625.3,29.48K,-0.27,29480.0
2017-04-17,623.9,626.0,628.4,621.8,13.77K,-0.45,13770.0
2017-04-18,604.9,625.0,625.0,601.3,41.79K,-3.05,41790.0
2017-04-19,607.6,607.8,615.5,602.3,32.48K,0.45,32479.999999999996
2017-04-20,612.8,605.1,617.0,602.6,35.94K,0.86,35940.0
2017-04-21,604.8,613.0,616.4,603.6,29.03K,-1.31,29030.0
2017-04-24,596.4,604.5,604.5,595.1,30.64K,-1.39,30640.0
2017-04-25,596.7,597.3,598.7,591.4,26.32K,0.05,26320.0
2017-04-26,591.3,595.5,597.3,590.3,24.63K,-0.9,24630.0
2017-04-27,596.2,589.5,598.1,587.2,25.68K,0.83,25680.0
2017-04-28,606.9,598.1,610.4,598.1,30.26K,1.79,30260.0
2017-05-01,617.6,611.0,619.0,610.3,7.29K,1.76,7290.0
2017-05-02,614.0,616.4,617.0,612.3,17.72K,-0.58,17720.0
2017-05-03,595.0,610.7,612.4,594.0,38.11K,-3.09,38110.0
2017-05-04,580.0,594.6,596.2,578.5,34.35K,-2.52,34350.0
2017-05-05,589.7,577.8,592.7,574.6,28.84K,1.67,28840.0
2017-05-08,589.7,584.0,592.3,581.3,23.05K,0.0,23050.0
2017-05-09,597.0,588.0,603.8,586.0,24.29K,1.24,24290.0
2017-05-10,591.0,596.7,598.9,586.2,23.87K,-1.01,23870.0
2017-05-11,598.4,591.6,604.4,591.5,30.59K,1.25,30590.0
2017-05-12,599.2,598.2,603.3,594.8,22.53K,0.13,22530.0
2017-05-15,587.1,598.0,601.2,586.3,34.03K,-2.02,34030.0
2017-05-16,585.6,589.4,591.0,580.2,35.08K,-0.26,35080.0
2017-05-17,585.4,588.7,594.6,584.0,29.87K,-0.03,29870.0
2017-05-18,594.2,585.2,596.6,581.4,31.88K,1.5,31880.0
2017-05-19,602.5,591.3,607.9,591.3,34.23K,1.4,34230.0
2017-05-22,605.5,604.0,608.8,602.0,25.80K,0.5,25800.0
2017-05-23,604.8,606.6,608.0,599.1,28.62K,-0.12,28620.0
2017-05-24,589.8,600.2,600.2,586.4,28.24K,-2.48,28240.0
2017-05-25,582.0,589.0,591.5,581.6,22.92K,-1.32,22920.0
2017-05-26,584.8,584.5,586.4,578.6,24.38K,0.48,24380.0
2017-05-29,584.7,582.2,586.0,578.5,6.94K,-0.02,6940.0
2017-05-30,586.8,585.4,590.6,582.0,27.39K,0.36,27390.0
2017-05-31,569.6,579.5,579.5,567.5,33.42K,-2.93,33420.0
2017-06-01,570.2,579.0,579.0,569.5,35.87K,0.11,35870.0
2017-06-02,574.1,569.5,574.7,563.5,35.77K,0.68,35770.0
2017-06-05,572.1,572.0,577.2,570.2,25.38K,-0.35,25380.0
2017-06-06,575.4,572.0,581.2,570.5,31.39K,0.58,31390.0
2017-06-07,568.8,576.5,578.2,568.1,21.80K,-1.15,21800.0
2017-06-08,567.9,569.5,573.7,565.5,28.77K,-0.16,28770.0
2017-06-09,576.6,568.0,578.6,566.0,31.78K,1.53,31780.0
2017-06-12,564.0,576.7,581.9,563.5,34.00K,-2.19,34000.0
2017-06-13,566.3,564.0,569.0,558.6,31.49K,0.41,31490.0
2017-06-14,569.4,569.0,572.4,564.2,26.49K,0.55,26490.0
2017-06-15,573.4,569.5,575.8,569.5,21.67K,0.7,21670.0
2017-06-16,574.7,574.0,578.7,573.7,20.37K,0.23,20370.0
2017-06-19,580.1,575.0,586.7,574.7,30.72K,0.94,30720.0
2017-06-20,572.2,581.8,584.2,569.0,27.89K,-1.36,27890.0
2017-06-21,578.2,572.7,580.5,571.2,23.52K,1.05,23520.0
2017-06-22,582.8,576.0,585.3,568.1,31.12K,0.8,31120.0
2017-06-23,584.6,582.8,592.9,580.8,28.18K,0.31,28180.0
2017-06-26,579.6,585.0,587.2,578.4,9.78K,-0.86,9780.0
2017-06-27,593.0,581.2,594.8,581.2,27.67K,2.31,27670.0
2017-06-28,593.7,586.7,597.0,586.7,25.52K,0.12,25520.0
2017-06-29,598.1,595.6,602.4,595.5,28.83K,0.74,28830.0
2017-06-30,600.8,598.4,601.9,597.7,20.24K,0.45,20240.0
2017-07-03,606.9,608.3,612.6,604.5,26.87K,1.02,26870.0
2017-07-04,595.4,604.2,608.0,592.1,22.51K,-1.89,22510.0
2017-07-05,593.2,596.3,597.9,588.2,22.28K,-0.37,22280.0
2017-07-06,589.4,590.0,593.9,588.2,18.96K,-0.64,18960.0
2017-07-07,580.8,588.0,588.2,577.3,29.20K,-1.46,29200.0
2017-07-10,581.1,584.0,584.0,573.0,24.32K,0.05,24320.0
2017-07-11,593.0,579.1,594.8,579.1,24.77K,2.05,24770.0
2017-07-12,592.4,594.9,598.6,591.7,21.66K,-0.1,21660.0
2017-07-13,591.5,594.6,597.8,589.5,18.08K,-0.15,18080.0
2017-07-14,612.6,594.0,614.8,592.9,45.36K,3.57,45360.0
2017-07-17,618.1,614.9,624.6,614.9,31.05K,0.9,31050.0
2017-07-18,624.5,619.9,626.5,613.6,36.02K,1.04,36020.0
2017-07-19,619.0,622.1,626.9,618.2,28.75K,-0.88,28750.0
2017-07-20,610.4,621.9,622.4,607.6,29.28K,-1.39,29280.0
2017-07-21,613.2,611.3,621.7,610.6,28.23K,0.46,28230.0
2017-07-24,625.9,617.0,626.8,616.0,28.65K,2.07,28650.0
2017-07-25,642.9,627.0,643.7,627.0,32.81K,2.72,32810.0
2017-07-26,639.4,643.2,647.4,632.1,37.57K,-0.54,37570.0
2017-07-27,649.5,639.6,652.7,638.2,31.65K,1.58,31650.0
2017-07-28,656.9,645.8,657.9,640.7,43.42K,1.14,43420.0
2017-07-31,655.5,656.2,660.8,652.2,18.51K,-0.21,18510.0
2017-08-01,657.9,655.0,660.8,647.5,35.94K,0.37,35940.0
2017-08-02,658.9,655.4,659.3,650.6,24.28K,0.15,24280.0
2017-08-03,660.9,660.0,662.8,652.5,28.79K,0.3,28790.0
2017-08-04,659.0,659.0,663.5,649.2,32.89K,-0.29,32890.0
2017-08-07,662.7,656.5,663.9,654.8,27.01K,0.56,27010.0
2017-08-08,684.0,661.0,686.5,654.3,43.88K,3.21,43880.0
2017-08-09,686.7,684.9,693.0,683.0,33.84K,0.39,33840.0
2017-08-10,697.2,690.7,703.0,686.7,40.56K,1.53,40560.0
2017-08-11,681.4,690.7,691.1,675.2,43.50K,-2.27,43500.0
2017-08-14,667.4,680.6,682.6,664.4,25.38K,-2.05,25380.0
2017-08-16,686.1,666.0,693.7,666.0,44.20K,2.8,44200.0
2017-08-17,683.0,690.6,695.4,680.7,36.37K,-0.45,36370.0
2017-08-18,704.0,686.7,707.0,686.6,49.05K,3.07,49050.0
2017-08-21,724.9,706.0,726.1,706.0,39.51K,2.97,39510.0
2017-08-22,731.0,723.0,738.4,721.1,44.69K,0.84,44690.0
2017-08-23,750.5,729.1,754.5,723.0,57.46K,2.67,57460.0
2017-08-24,748.9,746.0,751.7,741.3,37.53K,-0.21,37530.0
2017-08-25,729.3,744.7,747.4,725.6,24.42K,-2.62,24420.0
2017-08-28,745.4,724.0,748.8,724.0,20.59K,2.21,20590.0
2017-08-29,746.5,749.3,757.0,738.7,40.65K,0.15,40650.0
2017-08-30,738.3,745.0,750.2,736.1,25.17K,-1.1,25170.0
2017-08-31,743.4,742.4,749.0,739.3,13.27K,0.69,13270.0
2017-09-01,773.8,754.6,776.0,754.6,44.11K,4.09,44110.0
2017-09-04,785.1,779.3,786.0,774.6,22.82K,1.46,22820.0
2017-09-05,768.2,785.9,785.9,763.2,34.73K,-2.15,34730.0
2017-09-06,782.4,773.8,783.9,763.8,35.59K,1.85,35590.0
2017-09-07,778.7,782.7,784.1,767.3,40.90K,-0.47,40900.0
2017-09-08,734.0,781.6,782.0,732.5,65.95K,-5.74,65950.0
2017-09-11,753.3,740.0,754.9,736.0,44.85K,2.63,44850.0
2017-09-12,760.8,744.5,764.0,739.2,40.36K,1.0,40360.0
2017-09-13,730.9,757.0,757.0,724.2,55.92K,-3.93,55920.0
2017-09-14,717.3,730.3,730.6,710.1,62.55K,-1.86,62550.0
2017-09-15,710.6,718.0,718.0,693.0,67.08K,-0.93,67080.0
2017-09-18,714.6,715.7,719.8,707.3,45.11K,0.56,45110.0
2017-09-19,714.2,707.0,719.5,697.2,55.11K,-0.06,55110.0
2017-09-20,729.3,717.3,734.8,717.3,51.34K,2.11,51340.0
2017-09-21,694.4,721.0,722.2,687.5,81.54K,-4.79,81540.0
2017-09-22,686.9,690.0,690.0,674.2,63.15K,-1.08,63150.0
2017-09-25,689.6,681.0,691.9,676.6,42.43K,0.39,42430.0
2017-09-26,679.6,690.7,692.9,677.4,34.47K,-1.45,34470.0
2017-09-27,670.4,682.9,692.6,665.5,41.53K,-1.35,41530.0
2017-09-28,679.2,674.8,683.3,666.4,33.98K,1.31,33980.0
2017-09-29,678.7,680.0,689.8,673.6,17.68K,-0.07,17680.0
2017-10-03,701.2,684.0,706.5,683.9,53.40K,3.32,53400.0
2017-10-04,688.9,704.8,707.7,687.5,42.21K,-1.75,42210.0
2017-10-05,690.3,692.7,697.2,685.0,44.18K,0.2,44180.0
2017-10-06,693.2,694.4,698.2,688.7,36.06K,0.42,36060.0
2017-10-09,718.4,698.6,719.4,697.9,50.48K,3.64,50480.0
2017-10-10,719.0,715.5,719.8,705.1,45.47K,0.08,45470.0
2017-10-11,727.9,715.1,731.7,708.0,49.01K,1.24,49010.0
2017-10-12,740.3,725.5,741.2,725.0,43.90K,1.7,43900.0
2017-10-13,756.2,736.6,757.4,736.6,66.80K,2.15,66800.0
2017-10-16,765.5,755.8,769.8,751.3,52.53K,1.23,52530.0
2017-10-17,761.5,765.6,765.6,752.2,40.34K,-0.52,40340.0
2017-10-18,754.8,763.0,768.0,752.5,45.70K,-0.88,45700.0
2017-10-19,756.4,757.0,761.4,753.5,6.02K,0.21,6020.0
2017-10-20,761.1,759.5,785.8,755.8,37.59K,0.62,37590.0
2017-10-23,770.9,762.2,773.0,758.7,40.63K,1.29,40630.0
2017-10-24,781.4,775.0,782.0,770.3,39.17K,1.36,39170.0
2017-10-25,765.8,777.9,779.6,763.2,36.33K,-2.0,36330.0
2017-10-26,762.8,771.7,771.7,752.8,33.05K,-0.39,33050.0
2017-10-27,750.0,755.5,755.5,737.6,41.67K,-1.68,41670.0
2017-10-30,754.2,749.1,755.4,741.7,33.06K,0.56,33060.0
2017-10-31,766.3,751.0,769.8,750.8,17.60K,1.6,17600.0
2017-11-01,815.7,810.3,841.9,810.3,90.47K,6.45,90470.0
2017-11-02,808.6,820.4,834.1,798.5,72.82K,-0.87,72820.0
2017-11-03,820.1,813.1,827.0,805.5,55.63K,1.42,55630.0
2017-11-06,837.1,828.6,838.4,827.1,41.05K,2.07,41050.0
2017-11-07,826.2,828.1,835.4,816.1,53.91K,-1.3,53910.0
2017-11-08,822.3,822.0,825.8,814.1,41.63K,-0.47,41630.0
2017-11-09,799.2,816.2,816.2,791.1,61.04K,-2.81,61040.0
2017-11-10,789.5,802.3,811.0,788.2,44.38K,-1.21,44380.0
2017-11-13,817.3,799.0,820.3,799.0,52.62K,3.52,52620.0
2017-11-14,770.8,812.8,813.8,769.8,68.68K,-5.69,68680.0
2017-11-15,760.0,765.8,769.8,747.5,66.50K,-1.4,66500.0
2017-11-16,741.1,763.6,765.7,737.5,52.48K,-2.49,52480.0
2017-11-17,751.2,745.0,754.3,741.1,36.63K,1.36,36630.0
2017-11-20,758.4,748.0,759.8,743.6,40.73K,0.96,40730.0
2017-11-21,766.7,757.2,769.8,752.8,34.97K,1.09,34970.0
2017-11-22,766.1,761.0,771.7,754.6,40.23K,-0.08,40230.0
2017-11-23,767.5,771.4,771.5,750.3,40.04K,0.18,40040.0
2017-11-24,773.9,769.5,778.9,768.4,39.81K,0.83,39810.0
2017-11-27,744.7,767.4,768.4,743.0,52.67K,-3.77,52670.0
2017-11-28,731.6,733.3,735.8,721.9,38.10K,-1.76,38100.0
2017-11-29,734.9,733.4,737.3,723.2,40.50K,0.45,40500.0
2017-11-30,727.5,728.8,735.0,716.8,22.48K,-1.01,22480.0
2017-12-01,731.4,721.0,737.2,707.1,67.70K,0.54,67700.0
2017-12-04,732.2,732.3,740.6,727.5,32.91K,0.11,32910.0
2017-12-05,702.6,730.0,731.8,700.2,55.68K,-4.04,55680.0
2017-12-06,699.0,700.1,705.7,695.1,41.37K,-0.51,41370.0
2017-12-07,710.1,701.0,712.6,692.8,46.21K,1.59,46210.0
2017-12-08,706.4,713.7,715.1,701.0,32.70K,-0.52,32700.000000000004
2017-12-11,721.3,700.7,722.8,698.7,35.61K,2.11,35610.0
2017-12-12,716.6,717.9,723.8,708.1,34.73K,-0.65,34730.0
2017-12-13,713.1,718.0,722.8,711.0,26.45K,-0.49,26450.0
2017-12-14,718.3,715.3,720.8,708.5,26.48K,0.73,26480.0
2017-12-15,739.1,718.8,743.7,715.7,48.93K,2.9,48930.0
2017-12-18,755.4,741.3,758.5,738.6,40.75K,2.21,40750.0
2017-12-19,752.2,751.0,755.2,746.3,28.48K,-0.42,28480.0
2017-12-20,765.4,753.6,772.9,751.4,50.40K,1.75,50400.0
2017-12-21,770.3,764.8,771.9,756.2,46.69K,0.64,46690.0
2017-12-22,770.0,765.1,779.0,763.2,40.94K,-0.04,40940.0
2017-12-26,767.7,765.0,774.9,762.3,19.35K,-0.3,19350.0
2017-12-27,770.0,765.8,772.3,756.0,37.88K,0.3,37880.0
2017-12-28,787.8,766.7,792.0,766.7,40.42K,2.31,40420.0
2017-12-29,782.9,783.3,787.8,773.7,20.75K,-0.62,20750.0
2018-01-01,809.1,814.0,814.9,806.8,9.38K,3.35,9380.0
2018-01-02,803.7,805.5,815.5,797.5,51.69K,-0.67,51690.0
2018-01-03,790.9,800.0,801.4,784.1,42.64K,-1.59,42640.0
2018-01-04,801.0,787.1,806.3,785.5,40.47K,1.28,40470.0
2018-01-05,794.3,798.9,800.7,788.1,40.17K,-0.84,40170.0
2018-01-08,798.2,790.4,804.9,782.6,46.29K,0.49,46290.0
2018-01-09,805.7,799.8,812.8,795.6,44.42K,0.94,44420.0
2018-01-10,819.0,808.1,837.9,806.8,59.10K,1.65,59100.0
2018-01-11,802.8,818.2,821.5,800.7,46.36K,-1.98,46360.0
2018-01-12,803.7,803.1,809.7,796.0,42.14K,0.11,42140.0
2018-01-15,817.8,814.0,822.3,814.0,30.58K,1.75,30580.0
2018-01-16,802.6,810.0,810.0,782.4,68.50K,-1.86,68500.0
2018-01-17,790.2,798.6,802.0,789.6,37.30K,-1.54,37300.0
2018-01-18,795.5,790.3,802.5,789.4,31.92K,0.67,31920.0
2018-01-19,807.8,790.0,812.8,786.7,46.82K,1.55,46820.0
2018-01-22,811.1,811.4,817.3,807.6,33.13K,0.41,33130.0
2018-01-23,816.3,807.3,820.7,801.8,48.82K,0.64,48820.0
2018-01-24,857.5,820.0,865.2,807.5,83.30K,5.05,83300.0
2018-01-25,868.2,860.6,880.8,854.4,62.91K,1.25,62910.0
2018-01-29,878.9,870.3,888.5,870.3,34.92K,1.23,34920.0
2018-01-30,851.5,870.1,870.8,846.1,50.53K,-3.12,50530.0
2018-01-31,861.6,855.4,864.7,853.5,17.31K,1.19,17310.0
2018-02-01,894.4,861.8,897.9,854.5,51.49K,3.81,51490.0
2018-02-02,866.8,890.1,895.2,847.6,67.14K,-3.09,67140.0
2018-02-05,877.8,861.2,886.2,858.2,50.01K,1.27,50010.0
2018-02-06,855.3,871.2,871.2,852.5,49.42K,-2.56,49420.0
2018-02-07,848.4,857.9,872.3,844.6,55.62K,-0.81,55620.0
2018-02-08,849.1,845.3,852.7,827.8,54.71K,0.08,54710.0
2018-02-09,834.0,840.9,842.6,822.1,49.47K,-1.78,49470.0
2018-02-12,841.2,837.6,845.7,833.6,33.57K,0.86,33570.0
2018-02-13,861.9,847.5,870.0,847.5,30.05K,2.46,30050.0
2018-02-14,894.3,862.6,903.0,861.6,72.77K,3.76,72770.0
2018-02-15,900.9,900.4,917.8,890.5,67.88K,0.74,67880.0
2018-02-16,887.0,898.0,907.0,879.2,55.05K,-1.54,55050.0
2018-02-19,875.3,884.0,892.1,873.4,35.82K,-1.32,35820.0
2018-02-20,880.1,874.2,892.6,868.6,50.01K,0.55,50010.0
2018-02-21,893.8,878.5,899.5,866.9,54.61K,1.56,54610.0
2018-02-22,895.4,888.0,896.3,871.1,48.13K,0.18,48130.0
2018-02-23,889.9,891.1,894.9,884.1,36.78K,-0.61,36780.0
2018-02-26,899.0,891.7,907.3,888.2,42.87K,1.02,42870.0
2018-02-27,898.0,897.5,906.5,889.5,43.11K,-0.11,43110.0
2018-02-28,897.8,896.6,900.9,890.9,14.61K,-0.02,14610.0
2018-03-01,873.7,895.0,899.5,870.0,51.00K,-2.68,51000.0
2018-03-02,879.9,876.3,881.4,872.7,17.64K,0.71,17640.0
2018-03-05,873.0,873.4,875.3,861.8,42.09K,-0.78,42090.0
2018-03-06,882.7,860.0,887.6,856.0,39.79K,1.11,39790.0
2018-03-07,877.8,888.0,888.0,866.6,41.47K,-0.56,41470.0
2018-03-08,858.8,878.0,878.0,853.5,58.27K,-2.16,58270.0
2018-03-09,896.7,856.6,901.4,855.8,75.16K,4.41,75160.0
2018-03-12,886.8,892.4,907.5,885.0,43.63K,-1.1,43630.0
2018-03-13,898.1,887.0,899.5,882.4,44.87K,1.27,44870.0
2018-03-14,894.1,900.7,908.0,890.3,45.50K,-0.45,45500.0
2018-03-15,884.5,892.0,892.8,877.6,39.74K,-1.07,39740.0
2018-03-16,883.6,881.1,894.0,877.6,44.05K,-0.1,44050.0
2018-03-19,878.5,880.4,884.0,868.5,38.45K,-0.58,38450.0
2018-03-20,876.0,874.8,885.5,871.6,40.32K,-0.28,40320.0
2018-03-21,876.9,875.5,884.9,861.0,50.67K,0.1,50670.0
2018-03-22,856.2,878.8,882.0,849.2,56.02K,-2.36,56020.0
2018-03-23,843.5,853.2,859.6,841.1,54.84K,-1.48,54840.0
2018-03-26,839.7,840.4,843.5,830.4,38.29K,-0.45,38290.0
2018-03-27,838.7,843.9,851.4,836.3,39.75K,-0.12,39750.0
2018-03-28,841.4,840.3,844.5,836.5,19.42K,0.32,19420.0
2018-03-29,869.9,869.9,869.9,869.9,-,3.39,0.0
2018-04-02,879.5,872.2,882.8,872.2,19.23K,1.1,19230.0
2018-04-03,876.8,881.2,886.5,874.4,41.25K,-0.31,41250.0
2018-04-04,856.0,876.2,877.7,846.4,58.21K,-2.37,58210.0
2018-04-05,863.6,861.0,875.3,857.0,41.88K,0.89,41880.0
2018-04-06,860.9,857.2,863.4,841.6,52.39K,-0.31,52390.0
2018-04-09,872.6,855.2,874.5,852.5,42.71K,1.36,42710.0
2018-04-10,889.3,875.0,893.0,874.1,38.74K,1.91,38740.0
2018-04-11,898.8,886.4,904.2,883.5,51.46K,1.07,51460.0
2018-04-12,897.1,898.6,903.0,881.4,53.26K,-0.19,53260.0
2018-04-13,904.9,899.3,916.0,899.3,42.60K,0.87,42600.0
2018-04-16,927.1,907.3,939.2,907.3,59.59K,2.45,59590.0
2018-04-17,937.0,925.2,938.8,910.1,66.66K,1.07,66660.0
2018-04-18,1002.6,938.1,1040.5,935.4,135.72K,7.0,135720.0
2018-04-19,997.2,1019.8,1095.2,976.4,165.44K,-0.54,165440.0
2018-04-20,980.9,976.3,989.5,957.4,76.70K,-1.63,76700.0
2018-04-23,949.5,980.2,984.2,920.5,89.13K,-3.2,89130.0
2018-04-24,933.3,950.3,957.6,930.1,56.26K,-1.71,56260.0
2018-04-25,947.1,940.0,949.9,930.6,40.52K,1.48,40520.0
2018-04-26,953.8,946.3,955.0,922.6,46.87K,0.71,46870.0
2018-04-27,923.4,951.8,951.8,916.0,44.68K,-3.19,44680.0
2018-04-30,916.7,916.8,925.9,914.1,14.73K,-0.73,14730.0
2018-05-01,920.2,914.9,924.4,910.5,24.20K,0.38,24200.0
2018-05-02,934.1,927.0,939.5,925.8,31.34K,1.51,31340.0
2018-05-03,927.0,928.0,946.7,920.0,40.79K,-0.76,40790.0
2018-05-04,934.1,934.0,939.7,922.8,34.84K,0.77,34840.0
2018-05-07,936.9,932.5,946.0,932.5,11.81K,0.3,11810.0
2018-05-08,933.0,942.9,948.8,921.8,34.30K,-0.42,34300.0
2018-05-09,937.7,933.2,938.8,927.2,24.24K,0.5,24240.0
2018-05-10,929.4,934.1,937.2,927.7,24.17K,-0.89,24170.0
2018-05-11,947.5,932.5,949.9,927.0,26.88K,1.95,26880.0
2018-05-14,976.3,949.6,982.7,949.6,44.13K,3.04,44130.0
2018-05-15,985.4,973.0,995.4,967.4,50.69K,0.93,50690.0
2018-05-16,978.2,984.0,992.0,976.0,29.10K,-0.73,29100.0
2018-05-17,988.1,981.3,998.0,978.0,39.44K,1.01,39440.0
2018-05-18,995.7,997.0,1010.0,991.1,45.76K,0.77,45760.0
2018-05-21,1000.0,992.0,1002.4,992.0,29.27K,0.43,29270.0
2018-05-22,1005.5,995.7,1007.2,988.8,34.05K,0.55,34050.0
2018-05-23,996.0,1001.1,1003.6,985.2,46.46K,-0.94,46460.0
2018-05-24,1015.8,1000.3,1017.4,990.7,43.14K,1.99,43140.0
2018-05-25,994.1,1015.0,1021.8,992.6,35.95K,-2.14,35950.0
2018-05-28,995.8,990.1,1000.0,988.4,14.85K,0.17,14850.0
2018-05-29,1004.8,999.4,1024.8,999.4,39.53K,0.9,39530.0
2018-05-30,1013.4,1001.2,1020.0,988.3,45.26K,0.86,45260.0
2018-05-31,1020.2,1005.6,1025.3,1005.6,16.07K,0.67,16070.0
2018-06-01,1030.3,1030.5,1033.7,1015.4,53.71K,0.99,53710.0
2018-06-04,1038.1,1032.8,1039.2,1022.8,44.65K,0.76,44650.0
2018-06-05,1057.3,1032.5,1060.0,1030.2,48.16K,1.85,48160.0
2018-06-06,1043.4,1051.0,1057.7,1042.5,33.98K,-1.31,33980.0
2018-06-07,1040.0,1049.2,1063.5,1034.0,50.07K,-0.33,50070.0
2018-06-08,1043.1,1040.6,1046.9,1030.7,36.57K,0.3,36570.0
2018-06-11,1028.6,1038.7,1041.0,1026.7,31.38K,-1.39,31380.0
2018-06-12,1029.0,1031.1,1036.6,1021.3,33.17K,0.04,33170.0
2018-06-13,1054.2,1028.0,1057.9,1024.3,41.75K,2.45,41750.0
2018-06-14,1032.2,1047.5,1047.6,1020.1,52.09K,-2.09,52090.0
2018-06-15,1030.2,1034.4,1044.5,1026.4,44.82K,-0.19,44820.0
2018-06-18,1016.6,1027.0,1040.0,1014.0,36.32K,-1.32,36320.0
2018-06-19,998.9,1018.9,1020.0,993.8,47.39K,-1.74,47390.0
2018-06-20,1014.6,1002.7,1018.8,1002.3,42.45K,1.57,42450.0
2018-06-21,1018.2,1017.5,1027.6,1010.5,40.81K,0.35,40810.0
2018-06-22,1038.8,1020.1,1040.0,1020.1,36.75K,2.02,36750.0
2018-06-25,1002.0,1033.1,1036.0,999.0,37.63K,-3.54,37630.0
2018-06-26,1013.5,1006.1,1014.9,988.5,44.41K,1.15,44410.0
2018-06-27,1019.1,1009.0,1026.8,991.2,49.46K,0.55,49460.0
2018-06-28,1011.8,1025.1,1030.3,1008.3,39.81K,-0.72,39810.0
2018-06-29,1022.5,1019.8,1028.8,1017.9,16.20K,1.06,16200.0
2018-07-02,1001.6,1020.9,1020.9,998.4,35.99K,-2.04,35990.0
2018-07-03,984.5,1002.8,1012.2,982.6,48.67K,-1.71,48670.0
2018-07-04,970.9,989.9,992.0,961.7,48.31K,-1.38,48310.0
2018-07-05,977.0,971.2,987.5,964.2,46.20K,0.63,46200.0
2018-07-06,958.9,968.5,976.1,954.1,47.77K,-1.85,47770.0
2018-07-09,964.3,966.5,975.5,959.5,42.21K,0.56,42210.0
2018-07-10,971.0,970.0,976.6,962.0,39.51K,0.69,39510.0
2018-07-11,958.6,968.2,968.2,934.3,40.77K,-1.28,40770.0
2018-07-12,970.4,963.7,984.7,963.7,50.13K,1.23,50130.0
2018-07-13,953.4,968.6,971.3,951.3,45.50K,-1.75,45500.0
2018-07-16,930.5,949.2,950.6,929.2,30.38K,-2.4,30380.0
2018-07-17,923.6,943.9,943.9,918.7,38.97K,-0.74,38970.0
2018-07-18,933.9,928.0,935.2,910.6,44.41K,1.12,44410.0
2018-07-19,923.3,928.5,930.3,907.3,44.58K,-1.14,44580.0
2018-07-20,926.3,922.0,934.7,918.4,36.03K,0.32,36030.0
2018-07-23,918.4,924.8,934.2,916.8,39.75K,-0.85,39750.0
2018-07-24,934.3,921.4,943.6,918.4,39.55K,1.73,39550.0
2018-07-25,936.7,932.0,946.3,928.5,34.34K,0.26,34340.0
2018-07-26,942.0,934.5,943.4,930.4,31.29K,0.57,31290.0
2018-07-27,941.3,942.6,948.3,938.6,31.27K,-0.07,31270.0
2018-07-30,946.9,942.5,948.0,933.0,29.50K,0.59,29500.0
2018-07-31,945.1,944.6,949.5,943.1,14.80K,-0.19,14800.0
2018-08-01,915.2,958.1,960.0,913.0,45.83K,-3.16,45830.0
2018-08-02,916.3,919.3,927.7,911.6,48.32K,0.12,48320.0
2018-08-03,926.2,915.8,928.7,900.1,61.86K,1.08,61860.0
2018-08-06,941.3,921.3,943.8,913.7,42.69K,1.63,42690.0
2018-08-07,950.9,940.0,954.4,936.6,40.20K,1.02,40200.0
2018-08-08,960.3,952.0,962.5,951.6,40.71K,0.99,40710.0
2018-08-09,952.1,961.0,969.5,950.4,39.10K,-0.85,39100.0
2018-08-10,952.5,956.9,958.2,938.2,38.98K,0.04,38980.0
2018-08-13,946.2,957.6,968.5,941.2,43.98K,-0.66,43980.0
2018-08-14,936.7,944.8,948.3,935.0,38.10K,-1.0,38100.0
2018-08-16,932.4,934.0,945.0,915.0,43.40K,-0.46,43400.0
2018-08-17,946.6,931.3,950.7,922.5,43.26K,1.52,43260.0
2018-08-20,946.5,946.6,955.0,940.8,34.95K,-0.01,34950.0
2018-08-21,942.4,948.3,959.0,938.8,40.35K,-0.43,40350.0
2018-08-22,944.6,946.8,950.5,938.2,20.92K,0.23,20920.0
2018-08-23,925.6,939.2,939.2,921.9,42.32K,-2.01,42320.0
2018-08-24,933.7,932.9,938.0,926.1,42.70K,0.88,42700.0
2018-08-27,932.2,936.0,937.4,930.0,16.70K,-0.16,16700.0
2018-08-28,951.3,931.5,953.5,931.5,46.58K,2.05,46580.0
2018-08-29,944.7,952.5,955.9,942.4,33.37K,-0.69,33370.0
2018-08-30,938.4,947.5,951.8,934.0,31.85K,-0.67,31850.0
2018-08-31,919.9,939.1,941.3,917.0,16.60K,-1.97,16600.0
2018-09-03,912.3,907.9,914.0,902.2,34.24K,-0.83,34240.0
2018-09-04,891.9,909.8,910.4,887.1,51.37K,-2.24,51370.0
2018-09-05,894.2,890.9,903.9,887.5,43.27K,0.26,43270.0
2018-09-06,896.2,896.0,905.0,891.1,42.09K,0.22,42090.0
2018-09-07,888.7,890.1,896.0,879.6,52.94K,-0.84,52940.0
2018-09-10,900.8,888.1,904.6,888.1,42.74K,1.36,42740.0
2018-09-11,887.4,901.3,903.0,885.3,46.75K,-1.49,46750.0
2018-09-12,905.6,887.5,908.6,886.1,52.64K,2.05,52640.0
2018-09-13,901.1,909.5,912.8,900.2,23.80K,-0.5,23800.0
2018-09-14,893.4,903.0,911.3,892.0,46.65K,-0.85,46650.0
2018-09-17,888.9,892.7,898.1,886.6,44.15K,-0.5,44150.0
2018-09-18,898.1,890.9,904.5,889.1,41.48K,1.03,41480.0
2018-09-19,897.3,904.0,913.4,896.2,37.13K,-0.09,37130.0
2018-09-20,906.9,900.0,908.5,897.4,19.45K,1.07,19450.0
2018-09-21,954.4,910.0,956.9,910.0,64.52K,5.24,64519.99999999999
2018-09-24,929.8,949.0,955.0,927.0,39.86K,-2.58,39860.0
2018-09-25,936.9,938.2,940.9,925.6,28.25K,0.76,28250.0
2018-09-26,924.0,933.3,944.8,922.3,37.32K,-1.38,37320.0
2018-09-27,905.6,920.0,925.5,903.3,38.15K,-1.99,38150.0
2018-09-28,906.2,911.8,916.8,902.7,18.06K,0.07,18060.0
2018-10-01,913.8,913.1,921.5,901.2,50.71K,0.84,50710.0
2018-10-03,952.4,916.4,954.0,911.1,44.57K,4.22,44570.0
2018-10-04,926.0,952.8,959.5,917.1,45.51K,-2.77,45510.0
2018-10-05,940.2,922.0,944.9,911.7,43.65K,1.53,43650.0
2018-10-08,936.7,925.0,938.8,921.0,30.63K,-0.37,30630.0
2018-10-09,960.1,942.0,963.3,939.5,41.23K,2.5,41230.0
2018-10-10,943.3,956.9,960.9,941.1,37.27K,-1.75,37270.0
2018-10-11,936.2,940.0,942.0,917.4,43.10K,-0.75,43100.0
2018-10-12,932.8,937.4,948.4,927.3,32.40K,-0.36,32400.0
2018-10-15,925.8,939.6,943.5,924.4,34.93K,-0.75,34930.0
2018-10-16,916.4,921.2,922.7,911.7,33.03K,-1.02,33030.0
2018-10-17,906.1,916.6,924.3,904.0,34.99K,-1.12,34990.0
2018-10-18,906.4,903.0,916.9,895.0,19.96K,0.03,19960.0
2018-10-19,914.3,910.2,925.3,908.5,39.13K,0.87,39130.0
2018-10-22,916.5,919.7,928.1,914.0,33.24K,0.24,33240.0
2018-10-23,906.6,914.0,916.8,905.2,28.60K,-1.08,28600.0
2018-10-24,892.1,909.7,915.3,891.0,36.35K,-1.6,36350.0
2018-10-25,886.8,894.6,897.3,885.2,35.96K,-0.59,35960.0
2018-10-26,864.2,885.0,890.0,861.5,43.25K,-2.55,43250.0
2018-10-29,856.9,865.0,868.0,855.6,29.34K,-0.84,29340.0
2018-10-30,859.8,861.8,866.7,856.2,32.16K,0.34,32159.999999999996
2018-10-31,857.7,866.0,869.9,856.4,15.64K,-0.24,15640.0
2018-11-01,867.0,856.9,872.2,850.6,38.02K,1.08,38020.0
2018-11-02,870.4,863.7,881.0,863.4,37.69K,0.39,37690.0
2018-11-05,855.5,865.8,865.8,853.7,25.92K,-1.71,25920.0
2018-11-06,861.0,856.7,869.0,856.2,31.55K,0.64,31550.0
2018-11-07,848.6,855.0,855.0,847.1,5.15K,-1.44,5150.0
2018-11-08,854.6,846.3,856.6,842.8,19.30K,0.71,19300.0
2018-11-09,829.5,853.0,853.0,824.0,38.28K,-2.94,38280.0
2018-11-12,826.4,829.7,834.0,819.3,29.33K,-0.37,29330.0
2018-11-13,819.0,827.0,838.3,813.4,34.02K,-0.9,34020.0
2018-11-14,815.2,817.2,818.3,809.7,23.18K,-0.46,23180.0
2018-11-15,810.9,815.9,828.0,807.8,32.55K,-0.53,32549.999999999996
2018-11-16,816.7,811.3,823.2,809.4,30.16K,0.72,30160.0
2018-11-19,796.3,809.5,809.5,786.0,34.55K,-2.5,34550.0
2018-11-20,787.9,798.0,807.0,786.4,35.92K,-1.05,35920.0
2018-11-21,780.5,787.9,792.2,778.5,30.02K,-0.94,30020.0
2018-11-22,770.7,779.5,784.2,769.4,27.32K,-1.26,27320.0
2018-11-23,764.4,759.0,769.2,752.2,24.44K,-0.82,24440.0
2018-11-26,765.8,751.9,767.3,751.9,31.40K,0.18,31400.0
2018-11-27,757.1,764.0,765.6,756.4,26.27K,-1.14,26270.0
2018-11-28,759.1,762.9,766.6,754.0,25.53K,0.26,25530.0
2018-11-29,764.3,760.3,768.0,750.6,33.75K,0.69,33750.0
2018-11-30,767.5,765.0,769.0,763.6,17.63K,0.42,17630.0
2018-12-03,789.8,785.0,799.0,785.0,36.85K,2.91,36850.0
2018-12-04,786.0,792.0,804.4,781.0,37.31K,-0.48,37310.0
2018-12-05,793.1,783.7,794.0,779.5,32.69K,0.9,32689.999999999996
2018-12-06,767.6,785.7,789.0,762.0,37.84K,-3.22,37840.0
2018-12-07,781.3,768.0,782.7,766.3,32.57K,1.78,32570.0
2018-12-10,782.4,775.1,787.8,771.9,27.34K,0.14,27340.0
2018-12-11,777.1,783.0,791.0,773.5,27.37K,-0.68,27370.0
2018-12-12,772.6,777.0,779.6,772.0,22.26K,-0.58,22260.0
2018-12-13,775.0,774.2,781.8,770.6,29.26K,0.31,29260.0
2018-12-14,790.9,774.3,792.9,772.7,27.24K,2.05,27240.0
2018-12-17,784.2,791.5,792.9,783.2,25.34K,-0.85,25340.0
2018-12-18,758.6,783.5,783.5,756.3,37.33K,-3.26,37330.0
2018-12-19,768.6,753.6,770.4,753.6,25.01K,1.32,25010.0
2018-12-20,759.9,763.3,765.7,757.1,24.72K,-1.13,24720.0
2018-12-21,758.9,760.7,764.9,755.2,24.33K,-0.13,24330.0
2018-12-24,756.3,765.4,766.7,755.0,20.42K,-0.34,20420.0
2018-12-26,749.8,754.9,757.7,735.0,18.28K,-0.86,18280.0
2018-12-27,745.6,750.0,752.5,745.0,26.68K,-0.56,26680.0
2018-12-28,743.6,747.0,748.5,737.1,25.07K,-0.27,25070.0
2018-12-31,739.4,752.0,755.7,738.1,20.96K,-0.56,20960.0
2019-01-01,740.9,745.9,745.9,735.2,4.86K,0.2,4860.0
2019-01-02,758.1,739.0,761.2,736.9,35.64K,2.32,35640.0
2019-01-03,762.8,755.2,765.8,748.5,27.73K,0.62,27730.0
2019-01-04,773.1,760.2,776.5,759.4,31.78K,1.35,31780.0
2019-01-07,776.0,773.0,780.3,769.6,24.66K,0.38,24660.0
2019-01-08,785.2,774.1,788.6,772.3,30.28K,1.19,30280.0
2019-01-09,792.0,788.9,796.5,786.6,30.24K,0.87,30240.0
2019-01-10,788.6,794.0,796.5,783.3,27.70K,-0.43,27700.0
2019-01-11,805.3,793.6,809.8,792.8,38.61K,2.12,38610.0
2019-01-14,805.7,802.6,809.0,798.6,30.18K,0.05,30180.0
2019-01-15,825.3,809.9,828.7,809.9,31.96K,2.43,31960.0
2019-01-16,822.7,830.0,836.9,821.2,35.37K,-0.32,35370.0
2019-01-17,821.4,823.0,827.9,813.4,30.79K,-0.16,30790.0
2019-01-18,838.7,826.6,842.8,825.0,31.99K,2.11,31990.0
2019-01-21,838.7,837.0,843.7,833.7,28.16K,0.0,28160.0
2019-01-22,823.4,835.0,835.0,820.3,29.88K,-1.82,29880.0
2019-01-23,829.1,824.3,832.8,823.2,24.93K,0.69,24930.0
2019-01-24,831.2,829.9,833.0,820.5,29.51K,0.25,29510.0
2019-01-25,842.8,835.4,846.1,832.5,27.70K,1.4,27700.0
2019-01-28,837.4,843.2,847.0,836.6,27.87K,-0.64,27870.0
2019-01-29,863.2,848.0,867.1,839.3,37.03K,3.08,37030.0
2019-01-30,875.4,870.0,882.8,866.5,38.42K,1.41,38420.0
2019-01-31,876.9,871.0,879.8,870.6,14.09K,0.17,14090.0
2019-02-01,906.8,878.7,908.1,876.6,41.20K,3.41,41200.0
2019-02-04,948.6,908.0,950.0,903.1,61.99K,4.61,61990.0
2019-02-05,934.2,945.7,951.3,921.5,50.46K,-1.52,50460.0
2019-02-06,922.6,935.5,956.4,920.3,47.09K,-1.24,47090.0
2019-02-07,920.6,923.6,929.8,917.7,38.09K,-0.22,38090.0
2019-02-08,895.7,918.8,918.8,888.2,45.99K,-2.7,45990.0
2019-02-11,886.2,900.5,900.9,881.1,39.30K,-1.06,39300.0
2019-02-12,871.8,882.3,884.8,860.3,46.75K,-1.62,46750.0
2019-02-13,876.8,874.6,878.9,868.0,35.95K,0.57,35950.0
2019-02-14,863.1,873.5,883.7,860.5,37.75K,-1.56,37750.0
2019-02-15,881.0,860.3,884.9,858.3,43.10K,2.07,43100.0
2019-02-18,886.5,880.0,891.4,877.5,31.47K,0.62,31470.0
2019-02-19,898.6,887.4,899.5,884.5,32.00K,1.36,32000.0
2019-02-20,914.5,900.0,916.8,899.4,40.16K,1.77,40160.0
2019-02-21,911.2,910.8,916.8,904.9,36.36K,-0.36,36360.0
2019-02-22,917.8,908.2,928.8,908.2,36.52K,0.72,36520.0
2019-02-25,914.0,922.3,931.5,909.2,38.31K,-0.41,38310.0
2019-02-26,913.9,914.7,919.9,910.3,29.98K,-0.01,29980.0
2019-02-27,924.7,914.4,928.9,912.2,31.47K,1.18,31470.0
2019-02-28,929.1,924.0,930.7,921.4,16.24K,0.48,16239.999999999998
2019-03-01,935.2,925.5,949.4,925.1,44.24K,0.66,44240.0
2019-03-04,941.6,939.7,955.6,935.1,33.46K,0.68,33460.0
2019-03-05,963.0,950.0,969.0,948.6,63.69K,2.27,63690.0
2019-03-06,955.1,960.0,965.0,950.4,45.60K,-0.82,45600.0
2019-03-07,926.5,947.0,947.0,917.5,53.07K,-2.99,53070.0
2019-03-08,914.2,932.0,932.0,912.3,36.28K,-1.33,36280.0
2019-03-11,897.9,915.9,919.3,897.3,40.38K,-1.78,40380.0
2019-03-12,910.6,907.5,920.9,906.0,42.93K,1.41,42930.0
2019-03-13,914.8,910.0,917.8,896.3,42.65K,0.46,42650.0
2019-03-14,891.3,912.6,912.6,885.5,50.30K,-2.57,50300.0
2019-03-15,888.8,895.0,897.3,888.2,38.11K,-0.28,38110.0
2019-03-18,890.0,888.3,899.4,878.6,35.89K,0.14,35890.0
2019-03-19,904.2,894.8,914.0,889.4,44.44K,1.6,44440.0
2019-03-20,906.7,905.0,914.5,902.5,35.03K,0.28,35030.0
2019-03-21,892.3,907.6,910.2,883.9,29.18K,-1.59,29180.0
2019-03-22,893.7,887.9,898.5,886.6,34.51K,0.16,34510.0
2019-03-25,888.6,887.5,889.4,880.7,31.65K,-0.57,31650.0
2019-03-26,900.2,888.8,910.7,881.0,34.82K,1.31,34820.0
2019-03-27,897.4,898.6,903.9,885.7,38.11K,-0.31,38110.0
2019-03-28,885.9,893.0,895.9,882.5,34.07K,-1.28,34070.0
2019-03-29,898.6,888.8,901.0,888.8,15.78K,1.43,15780.0
2019-04-01,908.5,915.0,926.7,906.0,36.84K,1.1,36840.0
2019-04-02,908.6,911.5,915.2,895.1,38.79K,0.01,38790.0
2019-04-03,916.6,910.2,922.9,910.2,39.38K,0.88,39380.0
2019-04-04,908.0,915.0,917.3,897.7,46.75K,-0.94,46750.0
2019-04-05,903.5,909.1,919.7,902.1,42.03K,-0.5,42030.0
2019-04-08,919.4,912.0,926.4,911.4,43.19K,1.76,43190.0
2019-04-09,916.3,917.0,924.5,913.6,39.09K,-0.34,39090.0
2019-04-10,912.7,914.4,920.0,910.5,29.54K,-0.39,29540.0
2019-04-11,892.9,909.9,910.7,887.4,46.27K,-2.17,46270.0
2019-04-12,900.0,890.1,902.4,889.8,33.74K,0.8,33740.0
2019-04-15,900.6,900.5,903.5,891.2,29.62K,0.07,29620.0
2019-04-16,896.7,903.5,912.6,895.1,38.25K,-0.43,38250.0
2019-04-17,892.4,898.4,910.6,891.2,31.00K,-0.48,31000.0
2019-04-18,876.3,895.3,895.3,874.1,44.05K,-1.8,44050.0
2019-04-22,875.5,876.9,884.5,869.1,19.38K,-0.09,19380.0
2019-04-23,862.9,874.3,879.8,861.7,46.24K,-1.44,46240.0
2019-04-24,867.1,864.5,870.0,861.0,30.79K,0.49,30790.0
2019-04-25,862.6,866.5,867.3,861.1,26.23K,-0.52,26230.0
2019-04-26,863.5,865.8,869.0,855.4,35.31K,0.1,35310.0
2019-04-30,862.3,863.5,866.2,859.2,17.73K,-0.14,17730.0
2019-05-01,849.2,854.0,855.3,847.1,19.07K,-1.52,19070.0
2019-05-02,846.2,849.7,852.9,842.5,29.50K,-0.35,29500.0
2019-05-03,847.1,844.4,859.1,842.2,39.52K,0.11,39520.0
2019-05-06,841.2,846.7,846.7,831.5,18.58K,-0.7,18580.0
2019-05-07,840.6,841.2,845.9,837.6,32.43K,-0.07,32430.0
2019-05-08,835.3,841.5,848.3,834.6,35.98K,-0.63,35980.0
2019-05-09,830.7,833.5,834.8,825.6,35.47K,-0.55,35470.0
2019-05-10,838.4,835.6,843.5,834.3,40.49K,0.93,40490.0
2019-05-13,833.2,837.2,837.2,830.0,25.70K,-0.62,25700.0
2019-05-14,840.3,831.5,843.0,828.1,31.72K,0.85,31720.0
2019-05-15,856.7,843.3,858.0,840.2,47.91K,1.95,47910.0
2019-05-16,856.7,853.6,861.9,851.8,34.51K,0.0,34510.0
2019-05-17,845.5,856.8,856.8,844.6,36.59K,-1.31,36590.0
2019-05-20,837.5,835.9,839.9,827.9,29.11K,-0.95,29110.0
2019-05-21,842.8,845.0,849.1,832.1,37.41K,0.63,37410.0
2019-05-22,835.2,840.0,840.0,833.3,31.25K,-0.9,31250.0
2019-05-23,829.8,834.0,834.0,825.6,22.32K,-0.65,22320.0
2019-05-24,862.8,830.6,867.5,830.2,73.29K,3.98,73290.0
2019-05-27,866.7,865.6,872.1,855.8,20.45K,0.45,20450.0
2019-05-28,843.6,863.5,863.8,838.6,41.05K,-2.67,41050.0
2019-05-29,839.4,845.0,848.3,838.8,22.90K,-0.5,22900.0
2019-05-30,842.6,839.0,850.7,836.2,27.23K,0.38,27230.0
2019-05-31,842.4,842.1,848.4,839.4,12.16K,-0.02,12160.0
2019-06-03,863.0,876.0,880.8,860.5,23.03K,2.45,23030.0
2019-06-04,860.7,868.6,868.6,858.0,23.42K,-0.27,23420.0
2019-06-05,853.2,858.8,863.3,852.0,16.52K,-0.87,16520.0
2019-06-06,848.2,854.0,864.0,844.0,35.68K,-0.59,35680.0
2019-06-07,847.6,851.0,857.1,846.0,31.24K,-0.07,31240.0
2019-06-10,850.8,853.0,861.7,849.8,30.69K,0.38,30690.0
2019-06-11,870.2,855.0,877.0,855.0,48.51K,2.28,48510.0
2019-06-12,866.5,870.6,870.8,861.2,32.07K,-0.43,32070.0
2019-06-13,867.4,865.5,885.0,864.5,39.53K,0.1,39530.0
2019-06-14,876.8,875.0,883.1,872.6,38.43K,1.08,38430.0
2019-06-17,866.5,877.0,882.5,863.8,35.23K,-1.17,35230.0
2019-06-18,877.3,869.9,884.0,864.6,40.11K,1.25,40110.0
2019-06-19,891.8,875.0,893.8,874.2,50.36K,1.65,50360.0
2019-06-20,901.3,892.1,904.0,891.6,37.83K,1.07,37830.0
2019-06-21,879.8,897.8,897.8,876.0,33.72K,-2.39,33720.0
2019-06-24,880.6,881.4,886.5,875.0,10.88K,0.09,10880.0
2019-06-25,889.6,880.9,891.9,877.5,7.11K,1.02,7110.0
2019-06-26,891.5,889.8,894.2,885.0,5.14K,0.21,5140.0
2019-06-27,903.5,892.9,907.0,890.1,1.73K,1.35,1730.0
2019-06-28,897.0,895.6,902.0,892.2,0.36K,-0.72,360.0
2019-07-01,882.8,904.7,904.7,878.1,44.42K,-1.58,44420.0
2019-07-02,868.8,881.0,881.0,865.3,43.87K,-1.59,43870.0
2019-07-03,883.8,873.4,885.5,868.1,46.83K,1.73,46830.0
2019-07-04,880.1,881.0,884.6,875.2,38.33K,-0.42,38330.0
2019-07-05,886.2,877.4,888.8,874.0,36.08K,0.69,36080.0
2019-07-08,900.5,888.3,902.9,880.0,49.96K,1.61,49960.0
2019-07-09,900.9,900.0,902.5,890.5,39.48K,0.04,39480.0
2019-07-10,915.3,903.9,920.0,903.9,40.66K,1.6,40660.0
2019-07-11,915.3,916.0,919.8,911.6,38.15K,0.0,38150.0
2019-07-12,935.1,914.4,937.0,905.2,55.52K,2.16,55520.0
2019-07-15,945.9,932.0,946.9,928.1,51.14K,1.15,51140.0
2019-07-16,965.0,944.5,983.5,940.2,87.47K,2.02,87470.0
2019-07-17,993.6,959.8,996.8,955.6,83.38K,2.96,83380.0
2019-07-18,1031.1,999.0,1042.9,999.0,93.65K,3.77,93650.0
2019-07-19,1011.1,1035.5,1043.0,992.6,106.19K,-1.94,106190.0
2019-07-22,986.1,1005.0,1014.4,982.3,59.36K,-2.47,59360.0
2019-07-23,992.2,989.9,999.8,978.8,44.93K,0.62,44930.0
2019-07-24,1015.5,988.0,1019.0,988.0,45.09K,2.35,45090.0
2019-07-25,984.6,1007.0,1007.0,978.5,23.73K,-3.04,23730.0
2019-07-26,995.3,992.5,1007.2,985.3,11.39K,1.09,11390.0
2019-07-29,988.9,992.0,995.2,982.3,6.10K,-0.64,6100.0
2019-07-30,984.0,992.7,993.0,979.2,1.89K,-0.5,1890.0
2019-07-31,1000.3,988.0,1022.9,983.9,0.27K,1.66,270.0
2019-08-01,1019.3,1009.4,1031.4,998.1,67.24K,1.9,67240.0
2019-08-02,1022.6,1010.0,1029.5,995.0,68.81K,0.32,68810.0
2019-08-05,1064.8,1033.0,1068.7,1033.0,68.25K,4.13,68250.0
2019-08-06,1064.5,1065.5,1072.4,1056.5,48.54K,-0.03,48540.0
2019-08-07,1102.1,1064.4,1106.9,1041.7,72.32K,3.53,72320.0
2019-08-08,1120.4,1117.9,1144.7,1087.0,132.91K,1.66,132910.0
2019-08-09,1114.3,1124.3,1126.8,1103.9,66.64K,-0.54,66640.0
2019-08-12,1121.7,1108.1,1128.3,1106.1,31.95K,0.66,31950.0
2019-08-13,1121.0,1122.2,1138.0,1116.7,50.13K,-0.06,50130.0
2019-08-14,1131.9,1116.5,1142.8,1102.4,75.35K,0.97,75350.0
2019-08-16,1138.6,1138.0,1161.9,1129.0,56.80K,0.59,56800.0
2019-08-19,1124.7,1138.0,1138.0,1118.2,48.28K,-1.22,48280.0
2019-08-20,1127.7,1128.4,1148.8,1115.2,63.93K,0.27,63930.0
2019-08-21,1119.2,1127.0,1132.7,1116.2,42.31K,-0.75,42310.0
2019-08-22,1117.5,1115.8,1122.0,1104.0,34.87K,-0.15,34870.0
2019-08-23,1116.0,1114.7,1124.3,1110.0,40.84K,-0.13,40840.0
2019-08-26,1114.5,1116.0,1127.8,1110.2,12.65K,-0.13,12650.0
2019-08-27,1105.9,1121.9,1125.6,1090.0,10.01K,-0.77,10010.0
2019-08-28,1148.7,1111.6,1155.4,1109.3,7.37K,3.87,7370.0
2019-08-29,1157.9,1144.3,1169.7,1137.1,2.28K,0.8,2280.0
2019-08-30,1202.1,1156.7,1204.2,1156.0,0.31K,3.82,310.0
2019-09-02,1273.2,1301.8,1314.8,1265.5,57.71K,5.91,57710.0
2019-09-03,1270.2,1279.9,1301.6,1261.5,63.72K,-0.24,63720.0
2019-09-04,1281.6,1274.9,1292.0,1267.7,46.98K,0.9,46980.0
2019-09-05,1236.7,1271.1,1271.1,1221.4,55.10K,-3.5,55100.0
2019-09-06,1262.0,1248.7,1267.0,1222.6,50.63K,2.05,50630.0
2019-09-09,1284.8,1255.6,1292.0,1233.0,57.50K,1.81,57500.0
2019-09-10,1273.8,1280.7,1286.8,1271.0,25.72K,-0.86,25720.0
2019-09-11,1255.4,1270.7,1284.8,1251.8,44.95K,-1.44,44950.0
2019-09-12,1254.6,1262.0,1284.2,1238.0,60.54K,-0.06,60540.0
2019-09-13,1241.4,1258.6,1263.0,1221.2,54.25K,-1.05,54250.0
2019-09-16,1225.8,1240.6,1242.9,1211.2,50.48K,-1.26,50480.0
2019-09-17,1213.6,1222.1,1222.1,1196.7,48.12K,-1.0,48120.0
2019-09-18,1227.5,1217.8,1232.0,1213.3,41.01K,1.15,41010.0
2019-09-19,1249.6,1225.1,1252.0,1225.1,46.10K,1.8,46100.0
2019-09-20,1264.5,1248.0,1279.8,1242.5,59.83K,1.19,59830.0
2019-09-23,1223.4,1261.0,1279.0,1188.7,52.97K,-3.25,52970.0
2019-09-24,1234.3,1223.5,1257.8,1213.3,32.18K,0.89,32180.0
2019-09-25,1256.6,1232.1,1259.0,1225.3,12.74K,1.81,12740.0
2019-09-26,1251.5,1256.0,1259.2,1237.0,5.84K,-0.41,5840.0
2019-09-27,1256.1,1248.1,1258.2,1241.2,1.34K,0.37,1340.0
2019-09-30,1281.2,1258.0,1290.4,1254.8,0.91K,2.0,910.0
2019-10-01,1246.4,1216.1,1249.9,1211.0,50.05K,-2.72,50050.0
2019-10-03,1262.5,1250.0,1265.0,1246.7,33.47K,1.29,33470.0
2019-10-04,1265.5,1260.4,1272.0,1245.1,34.49K,0.24,34490.0
2019-10-07,1263.6,1263.7,1275.0,1261.1,28.05K,-0.15,28050.0
2019-10-08,1251.8,1260.9,1260.9,1246.3,16.62K,-0.93,16620.0
2019-10-09,1241.2,1250.5,1261.6,1239.1,36.42K,-0.85,36420.0
2019-10-10,1255.0,1248.2,1260.8,1248.2,26.92K,1.11,26920.0
2019-10-11,1248.5,1256.7,1268.0,1245.5,44.97K,-0.52,44970.0
2019-10-14,1244.3,1246.5,1254.0,1207.8,65.08K,-0.34,65080.0
2019-10-15,1236.7,1241.2,1241.2,1218.6,38.07K,-0.61,38070.0
2019-10-16,1197.3,1233.0,1235.5,1194.0,54.23K,-3.19,54230.0
2019-10-17,1173.5,1197.0,1197.0,1171.0,40.11K,-1.99,40110.0
2019-10-18,1171.7,1178.5,1187.5,1170.2,38.86K,-0.15,38860.0
2019-10-21,1164.6,1165.0,1174.4,1162.0,16.01K,-0.61,16010.000000000002
2019-10-22,1198.5,1164.0,1204.1,1159.5,44.13K,2.91,44130.0
2019-10-23,1193.6,1190.5,1198.5,1181.6,39.51K,-0.41,39510.0
2019-10-24,1220.4,1202.0,1224.8,1201.0,30.63K,2.25,30630.0
2019-10-25,1222.9,1219.7,1225.8,1209.9,5.58K,0.2,5580.0
2019-10-27,1204.1,1199.1,1207.0,1199.1,0.97K,-1.54,970.0
2019-10-28,1203.2,1228.0,1236.1,1198.0,0.50K,-0.07,500.0
2019-10-29,1216.9,1218.9,1227.0,1196.9,0.67K,1.14,670.0
2019-10-30,1237.2,1216.9,1244.4,1210.7,0.18K,1.67,180.0
2019-10-31,1248.5,1246.0,1250.0,1200.0,0.20K,0.91,200.0
2019-11-01,1192.8,1200.0,1203.4,1190.6,28.63K,-4.46,28630.0
2019-11-04,1173.8,1197.9,1199.5,1171.5,31.09K,-1.59,31090.0
2019-11-05,1171.5,1170.0,1177.2,1166.0,28.38K,-0.2,28380.0
2019-11-06,1172.0,1172.3,1186.0,1166.1,38.18K,0.04,38180.0
2019-11-07,1171.8,1173.0,1181.9,1169.0,35.68K,-0.02,35680.0
2019-11-08,1171.0,1175.0,1179.0,1156.1,42.23K,-0.07,42230.0
2019-11-11,1139.8,1165.4,1168.7,1135.3,43.02K,-2.66,43020.0
2019-11-12,1148.9,1135.5,1151.8,1134.1,22.20K,0.8,22200.0
2019-11-13,1140.0,1149.0,1149.0,1135.8,29.66K,-0.77,29660.0
2019-11-14,1121.2,1143.0,1147.2,1118.4,42.54K,-1.65,42540.0
2019-11-15,1110.3,1122.0,1124.9,1107.7,35.20K,-0.97,35200.0
2019-11-18,1098.5,1107.2,1112.0,1094.4,37.51K,-1.06,37510.0
2019-11-19,1089.3,1096.0,1098.2,1081.3,40.43K,-0.84,40430.0
2019-11-20,1067.7,1088.1,1090.5,1066.0,39.10K,-1.98,39100.0
2019-11-21,1082.5,1065.0,1085.0,1060.2,44.76K,1.39,44760.0
2019-11-22,1085.2,1084.7,1090.9,1061.1,36.21K,0.25,36210.0
2019-11-25,1069.1,1081.7,1087.7,1065.2,5.13K,-1.48,5130.0
2019-11-26,1055.8,1072.0,1077.3,1046.0,1.99K,-1.24,1990.0
2019-11-27,1077.1,1068.2,1080.0,1057.0,0.15K,2.02,150.0
2019-11-28,1039.1,1060.7,1089.0,1034.3,0.05K,-3.53,50.0
2019-11-29,1023.3,1059.0,1059.0,1001.0,0.01K,-1.52,10.0
2019-12-02,1009.9,1010.3,1015.7,998.3,13.94K,-1.31,13940.0
2019-12-03,986.4,1012.4,1013.8,973.7,18.77K,-2.33,18770.0
2019-12-04,969.7,979.4,987.7,968.0,14.67K,-1.69,14670.0
2019-12-05,983.6,972.5,997.3,965.8,16.42K,1.43,16420.0
2019-12-06,997.4,987.2,1004.0,985.4,14.81K,1.4,14810.0
2019-12-09,979.6,994.8,995.5,973.5,13.80K,-1.78,13800.0
2019-12-10,991.5,976.0,998.0,961.0,20.00K,1.21,20000.0
2019-12-11,1014.3,992.6,1016.2,991.2,21.07K,2.3,21070.0
2019-12-12,1020.7,1015.4,1024.9,1005.0,23.97K,0.63,23970.0
2019-12-13,1032.6,1020.7,1035.5,1020.7,16.52K,1.17,16520.0
2019-12-16,1034.1,1030.0,1036.5,1023.0,12.48K,0.15,12480.0
2019-12-17,1020.9,1032.6,1038.6,1018.2,14.72K,-1.28,14720.0
2019-12-18,1011.7,1020.0,1021.0,1009.0,15.05K,-0.9,15050.0
2019-12-19,1036.5,1012.5,1039.1,1011.0,17.50K,2.45,17500.0
2019-12-20,1054.4,1036.3,1056.0,1031.1,16.70K,1.73,16700.0
2019-12-23,1049.5,1050.1,1057.4,1042.1,15.41K,-0.46,15410.0
2019-12-24,1050.3,1043.0,1059.2,1043.0,3.34K,0.08,3340.0
2019-12-26,1048.1,1046.3,1069.4,1040.1,0.27K,-0.21,270.0
2019-12-27,1076.6,1060.0,1082.5,1047.6,0.05K,2.72,50.0
2019-12-30,1078.6,1077.3,1081.5,1075.1,0.01K,0.19,10.0
2019-12-31,1082.6,1077.1,1086.2,1076.6,0.02K,0.37,20.0
2020-01-01,1029.3,1031.9,1035.0,1026.0,3.90K,-4.92,3900.0
2020-01-02,1044.5,1034.8,1046.6,1031.2,14.63K,1.48,14630.0
2020-01-03,1019.9,1041.0,1041.0,1017.5,16.11K,-2.36,16110.0
2020-01-06,1023.7,1025.0,1029.9,1018.6,17.79K,0.37,17790.0
2020-01-07,1032.8,1023.7,1034.9,1023.7,16.29K,0.89,16290.0
2020-01-08,1039.2,1030.9,1042.0,1028.1,17.39K,0.62,17390.0
2020-01-09,1037.4,1045.5,1048.6,1035.5,12.78K,-0.17,12780.0
2020-01-10,1042.6,1038.0,1043.9,1032.7,11.83K,0.5,11830.0
2020-01-13,1029.8,1042.6,1049.4,1026.0,14.47K,-1.23,14470.0
2020-01-14,1018.3,1029.3,1029.3,1008.7,18.07K,-1.12,18070.0
2020-01-15,1049.5,1018.4,1051.4,1009.5,24.37K,3.06,24370.0
2020-01-16,1015.2,1045.0,1056.3,1011.3,25.48K,-3.27,25480.0
2020-01-17,1024.0,1018.7,1026.7,1015.9,17.94K,0.87,17940.0
2020-01-20,1035.2,1022.5,1046.2,1020.7,19.75K,1.09,19750.0
2020-01-21,1015.5,1028.0,1034.0,1012.3,19.86K,-1.9,19860.0
2020-01-22,1015.5,1021.6,1027.7,1012.1,19.20K,0.0,19200.0
2020-01-23,1003.8,1010.0,1010.3,998.7,17.24K,-1.15,17240.0
2020-01-24,976.2,1000.0,1005.7,969.9,16.77K,-2.75,16770.0
2020-01-27,935.2,965.6,965.6,922.0,1.46K,-4.2,1460.0
2020-01-28,938.9,945.1,965.0,932.0,0.13K,0.4,130.0
2020-01-29,940.0,950.3,950.4,938.0,0.06K,0.12,60.0
2020-01-30,946.9,948.4,960.5,943.0,0.02K,0.73,20.0
2020-01-31,949.1,951.0,952.0,946.0,0.01K,0.23,10.0
2020-02-01,942.3,944.5,947.9,941.4,1.51K,-0.72,1510.0
2020-02-03,937.8,947.0,950.8,934.3,12.59K,-0.48,12590.0
2020-02-04,946.3,944.0,967.8,942.2,21.82K,0.91,21820.0
2020-02-05,964.5,966.0,966.6,953.0,21.91K,1.92,21910.0
2020-02-06,957.1,961.6,967.4,953.3,16.29K,-0.77,16290.0
2020-02-07,940.7,959.9,962.2,937.0,18.06K,-1.71,18060.0
2020-02-10,943.1,949.5,951.4,940.6,16.24K,0.26,16239.999999999998
2020-02-11,952.1,949.5,960.3,949.5,13.66K,0.95,13660.0
2020-02-12,953.8,953.0,956.7,942.4,18.22K,0.18,18220.0
2020-02-13,961.3,951.2,962.6,948.9,19.96K,0.79,19960.0
2020-02-14,952.1,957.9,960.3,950.6,14.24K,-0.96,14240.0
2020-02-17,954.9,956.1,957.5,952.3,9.81K,0.29,9810.0
2020-02-18,938.2,947.0,950.5,935.5,17.87K,-1.75,17870.0
2020-02-19,944.0,947.0,950.2,936.1,13.94K,0.62,13940.0
2020-02-20,941.1,941.6,947.0,938.5,13.20K,-0.31,13200.0
2020-02-21,932.3,935.0,935.0,927.3,6.45K,-0.94,6450.0
2020-02-24,906.8,932.0,932.0,900.2,2.48K,-2.74,2480.0
2020-02-25,912.2,917.9,927.9,910.0,0.08K,0.6,80.0
2020-02-26,905.1,910.7,910.7,902.0,0.03K,-0.78,30.0
2020-02-27,896.6,904.4,904.9,891.0,0.02K,-0.94,20.0
2020-02-28,885.2,884.6,886.1,884.6,0.01K,-1.27,10.0
2020-03-02,934.1,913.5,938.0,913.5,16.01K,5.52,16010.000000000002
2020-03-03,936.4,935.0,947.5,924.4,18.48K,0.25,18480.0
2020-03-04,941.3,936.5,946.0,936.5,11.15K,0.52,11150.0
2020-03-05,959.3,949.0,961.8,942.0,15.45K,1.91,15450.0
2020-03-06,965.0,952.4,966.5,947.5,12.61K,0.59,12610.0
2020-03-09,951.2,948.6,955.9,923.3,12.29K,-1.43,12290.0
2020-03-10,953.0,971.8,974.5,951.4,9.56K,0.19,9560.0
2020-03-11,933.0,960.0,972.0,925.7,18.08K,-2.1,18080.0
2020-03-12,894.4,928.0,929.0,882.1,24.56K,-4.14,24560.0
2020-03-13,922.5,895.1,950.9,887.8,31.19K,3.14,31190.0
2020-03-16,893.5,917.8,917.8,874.2,23.40K,-3.14,23400.0
2020-03-17,889.7,904.0,911.1,883.2,22.37K,-0.43,22370.0
2020-03-18,857.2,905.9,905.9,853.0,23.43K,-3.65,23430.0
2020-03-19,854.0,840.8,899.5,805.8,25.89K,-0.37,25890.0
2020-03-20,860.7,860.0,884.8,852.3,19.80K,0.78,19800.0
2020-03-23,842.6,848.0,872.2,823.3,9.43K,-2.1,9430.0
2020-03-24,866.3,852.0,876.0,846.2,8.14K,2.81,8140.000000000001
2020-03-25,860.7,866.3,884.3,852.5,0.24K,-0.65,240.0
2020-03-26,851.3,855.2,855.2,850.0,0.03K,-1.09,30.0
2020-03-27,866.9,861.2,866.9,856.4,6.75K,1.83,6750.0
2020-03-30,857.5,862.0,865.0,856.9,3.55K,-1.08,3550.0
2020-03-31,861.0,861.5,861.5,860.0,0.01K,0.41,10.0
2020-04-01,864.9,865.7,870.6,860.0,2.93K,0.45,2930.0
2020-04-03,867.4,871.0,871.0,863.8,3.67K,0.29,3670.0
2020-04-07,878.7,872.9,880.9,872.4,3.72K,1.3,3720.0
2020-04-08,886.0,881.8,887.7,881.8,3.89K,0.83,3890.0
2020-04-09,890.5,886.5,893.5,886.5,3.93K,0.51,3930.0
2020-04-13,893.3,894.9,903.0,863.0,3.45K,0.31,3450.0
2020-04-15,911.1,904.4,913.6,904.4,6.52K,1.99,6520.0
2020-04-16,908.7,904.0,910.5,899.3,4.99K,-0.26,4990.0
2020-04-17,923.2,920.0,927.8,914.1,5.65K,1.6,5650.0
2020-04-20,951.3,942.0,954.6,942.0,6.70K,3.04,6700.0
2020-04-21,936.3,930.0,949.7,907.0,10.60K,-1.58,10600.0
2020-04-22,925.6,920.1,973.7,900.8,9.99K,-1.14,9990.0
2020-04-23,930.9,930.4,946.9,925.0,7.30K,0.57,7300.0
2020-04-24,946.5,932.8,949.5,921.0,0.59K,1.68,590.0
2020-04-27,934.7,960.0,962.4,933.3,0.06K,-1.25,60.0
2020-04-28,934.5,925.3,936.4,925.3,0.03K,-0.02,30.0
2020-04-29,939.7,940.9,946.0,934.8,0.02K,0.56,20.0
2020-04-30,928.5,928.0,936.0,926.3,0.01K,-1.19,10.0
2020-05-01,911.7,911.7,917.0,905.6,7.72K,-1.81,7720.0
2020-05-04,903.3,909.1,910.0,901.6,7.07K,-0.92,7070.0
2020-05-05,919.9,908.5,921.6,905.3,10.12K,1.84,10120.0
2020-05-06,938.4,923.7,939.7,917.0,13.87K,2.01,13870.0
2020-05-07,929.6,938.4,940.4,925.6,12.51K,-0.94,12510.0
2020-05-08,937.6,930.0,941.5,926.2,9.24K,0.86,9240.0
2020-05-11,942.9,940.0,944.9,932.0,10.91K,0.57,10910.0
2020-05-12,927.6,939.6,939.6,925.3,9.76K,-1.62,9760.0
2020-05-13,925.9,929.2,929.2,921.6,9.68K,-0.18,9680.0
2020-05-14,914.6,926.9,933.0,910.6,11.46K,-1.22,11460.0
2020-05-15,903.0,915.1,918.4,901.3,12.56K,-1.27,12560.0
2020-05-18,933.1,908.5,934.7,908.5,14.37K,3.33,14370.0
2020-05-19,943.8,930.2,945.5,929.0,16.11K,1.15,16110.0
2020-05-20,957.5,942.0,958.9,935.2,16.41K,1.45,16410.0
2020-05-21,940.5,963.0,969.7,934.0,17.98K,-1.78,17980.0
2020-05-22,927.0,930.5,932.5,917.1,13.03K,-1.44,13030.0
2020-05-25,920.2,929.0,930.3,912.8,0.62K,-0.73,620.0
2020-05-26,928.9,922.8,931.5,919.3,0.04K,0.95,40.0
2020-05-27,921.8,922.5,923.3,920.3,0.01K,-0.76,10.0
2020-05-28,922.7,924.0,924.0,921.3,0.00K,0.1,0.0
2020-05-29,919.2,922.2,922.2,918.4,0.01K,-0.38,10.0
2020-06-01,952.1,948.0,956.8,939.2,15.29K,3.58,15290.0
2020-06-02,963.4,948.6,964.7,948.0,16.52K,1.19,16520.0
2020-06-03,961.1,960.0,969.2,953.3,15.56K,-0.24,15560.0
2020-06-04,962.2,957.6,963.9,947.5,14.85K,0.11,14850.0
2020-06-05,974.7,962.9,978.4,962.1,17.77K,1.3,17770.0
2020-06-08,981.3,975.5,984.0,971.4,14.13K,0.68,14130.0
2020-06-09,970.3,980.0,983.5,962.5,16.09K,-1.12,16090.0
2020-06-10,985.7,969.9,987.1,964.5,17.31K,1.59,17310.0
2020-06-11,964.4,980.7,981.5,963.3,14.96K,-2.16,14960.0
2020-06-12,967.5,959.2,973.7,959.2,13.34K,0.32,13340.0
2020-06-15,976.5,962.2,978.2,952.5,15.85K,0.93,15850.0
2020-06-16,992.2,978.7,994.0,976.1,17.22K,1.61,17220.0
2020-06-17,979.2,987.1,989.5,977.5,13.43K,-1.31,13430.0
2020-06-18,984.9,980.0,986.8,976.0,11.89K,0.58,11890.0
2020-06-19,975.0,981.3,990.7,972.3,12.26K,-1.01,12260.0
2020-06-22,963.5,976.7,978.9,960.4,12.02K,-1.18,12020.0
2020-06-23,961.5,964.9,966.4,957.4,9.65K,-0.21,9650.0
2020-06-24,945.7,961.5,964.9,936.0,1.60K,-1.64,1600.0
2020-06-25,946.4,948.4,950.7,943.8,0.03K,0.07,30.0
2020-06-26,964.0,953.4,966.9,953.4,0.02K,1.86,20.0
2020-06-29,966.9,966.1,968.0,966.1,0.01K,0.3,10.0
2020-06-30,972.0,969.0,974.0,969.0,0.05K,0.53,50.0
2020-07-01,980.5,976.1,982.8,964.5,12.91K,0.87,12910.0
2020-07-02,976.2,975.1,984.6,972.5,12.48K,-0.44,12480.0
2020-07-03,976.7,983.2,985.0,975.3,12.99K,0.05,12990.0
2020-07-06,1002.5,980.0,1004.2,980.0,14.84K,2.64,14840.0
2020-07-07,1007.5,997.0,1011.8,996.7,15.98K,0.5,15980.0
2020-07-08,1014.8,1007.5,1015.7,1005.1,12.12K,0.72,12120.0
2020-07-09,997.8,1014.8,1019.4,995.0,17.29K,-1.68,17290.0
2020-07-10,1024.1,1000.0,1025.4,989.0,20.03K,2.64,20030.0
2020-07-13,1034.9,1025.1,1036.6,1021.1,17.43K,1.05,17430.0
2020-07-14,1027.7,1025.9,1030.5,1019.1,14.31K,-0.7,14310.0
2020-07-15,1021.9,1028.8,1031.6,1010.3,16.97K,-0.56,16970.0
2020-07-16,1015.2,1018.6,1018.9,1002.8,15.54K,-0.66,15540.0
2020-07-17,993.8,1012.0,1012.0,991.6,16.55K,-2.11,16550.0
2020-07-20,996.4,995.3,1007.9,992.5,16.64K,0.26,16640.0
2020-07-21,1013.9,999.2,1016.6,995.4,15.78K,1.76,15780.0
2020-07-22,987.0,1015.6,1021.8,985.4,19.33K,-2.65,19330.0
2020-07-23,1026.6,989.3,1028.3,988.9,21.50K,4.01,21500.0
2020-07-24,1020.0,1022.2,1028.1,1001.0,18.66K,-0.64,18660.0
2020-07-27,1032.2,1025.1,1039.8,1021.0,0.97K,1.2,970.0
2020-07-28,1027.5,1027.1,1030.0,1018.0,0.06K,-0.46,60.0
2020-07-29,1033.4,1030.1,1040.8,1024.0,0.03K,0.57,30.0
2020-07-30,1039.6,1040.0,1042.0,1036.3,0.01K,0.6,10.0
2020-07-31,1046.9,1045.0,1048.8,1042.9,0.01K,0.7,10.0
2020-08-03,1061.9,1038.0,1064.5,1034.1,17.00K,1.43,17000.0
2020-08-04,1066.6,1057.2,1073.8,1054.5,17.59K,0.44,17590.0
2020-08-05,1086.6,1070.1,1111.4,1067.0,22.99K,1.88,22990.0
2020-08-06,1101.9,1089.5,1117.0,1089.5,22.91K,1.41,22910.0
2020-08-07,1095.6,1101.1,1108.7,1090.9,21.32K,-0.57,21320.0
2020-08-10,1086.5,1090.8,1094.7,1074.8,17.28K,-0.83,17280.0
2020-08-11,1086.0,1085.0,1091.9,1073.0,19.75K,-0.05,19750.0
2020-08-12,1077.5,1070.0,1083.9,1061.1,17.48K,-0.78,17480.0
2020-08-13,1065.6,1075.0,1083.8,1063.6,15.11K,-1.1,15110.0
2020-08-14,1085.6,1073.4,1090.0,1073.4,15.12K,1.88,15120.0
2020-08-17,1105.0,1091.9,1109.6,1091.9,14.56K,1.79,14560.0
2020-08-18,1107.6,1099.0,1115.3,1097.7,18.50K,0.24,18500.0
2020-08-19,1107.6,1109.0,1119.9,1103.4,16.66K,0.0,16660.0
2020-08-20,1103.4,1109.8,1115.4,1101.1,17.43K,-0.38,17430.0
2020-08-21,1104.4,1118.0,1118.0,1095.6,19.18K,0.09,19180.0
2020-08-24,1108.6,1108.9,1113.8,1102.6,11.60K,0.38,11600.0
2020-08-25,1109.8,1109.3,1116.0,1098.2,1.46K,0.11,1460.0
2020-08-26,1121.3,1115.0,1125.7,1112.9,0.07K,1.04,70.0
2020-08-27,1117.4,1123.3,1125.1,1116.0,0.09K,-0.35,90.0
2020-08-28,1128.1,1125.0,1132.5,1120.7,0.01K,0.96,10.0
2020-08-31,1129.5,1130.0,1130.0,1129.0,0.00K,0.12,0.0
2020-09-01,1142.4,1141.0,1152.7,1140.5,11.86K,1.14,11860.0
2020-09-02,1154.3,1145.3,1158.4,1142.4,13.87K,1.04,13870.0
2020-09-03,1109.9,1149.8,1150.4,1108.2,18.94K,-3.85,18940.0
2020-09-04,1126.2,1118.6,1127.7,1111.7,13.64K,1.47,13640.0
2020-09-07,1122.0,1125.8,1125.8,1118.0,8.70K,-0.37,8700.0
2020-09-08,1105.9,1123.5,1128.0,1088.3,17.96K,-1.43,17960.0
2020-09-09,1101.6,1102.5,1102.9,1089.1,13.24K,-0.39,13240.0
2020-09-10,1091.7,1098.0,1101.2,1086.0,15.99K,-0.9,15990.0
2020-09-11,1111.7,1088.1,1113.8,1081.0,16.49K,1.83,16490.0
2020-09-14,1121.4,1117.1,1123.0,1111.4,13.19K,0.87,13190.0
2020-09-15,1119.6,1123.6,1127.3,1113.3,14.48K,-0.16,14480.0
2020-09-16,1115.8,1120.9,1121.9,1112.2,13.10K,-0.34,13100.0
2020-09-17,1107.7,1107.1,1109.5,1095.1,15.07K,-0.73,15070.0
2020-09-18,1090.8,1110.0,1112.7,1088.5,13.71K,-1.53,13710.0
2020-09-21,1063.9,1098.0,1098.9,1047.2,18.22K,-2.47,18220.0
2020-09-22,1067.8,1071.0,1073.9,1058.4,12.54K,0.37,12540.0
2020-09-23,1052.9,1067.0,1067.0,1049.1,12.03K,-1.4,12030.0
2020-09-24,1053.3,1050.0,1058.8,1040.0,1.78K,0.04,1780.0
