Date,Tesla Close Price,Tesla Volume,Nickel Close Price,Nickel Volume,Lithium Close Price,Lithium Volume,NASDAQ Close Price,NASDAQ Volume,Day of the Week,Tesla Price MA10,Tesla Price MA50,Lithium Price MA10,Lithium Price MA50,Nickel Price MA10,Nickel Price MA50,Percentage Change Tesla,Percentage Change NASDAQ,Total Volume Tesla & NASDAQ
2015-10-01,47.976002,22865000,665.2,57400.0,18.780001000000002,7300,4627.080078,2133990000,Thursday,48.6826005,44.93568010000002,18.969999899999998,20.1616,672.2299926757812,633.7099938964843,-0.03429947665056354,0.0014977666934365974,13073306000
2015-10-08,45.344002,30666000,663.0,29390.0,20.219998999999998,5400,4810.790039,1984230000,Thursday,48.6826005,44.93568010000002,18.969999899999998,20.1616,672.2299926757812,633.7099938964843,-0.022590016493792664,0.00409925329028038,12923546000
2015-10-15,44.262001,14221000,684.2,31830.0,20.34,10900,4870.100098,1942900000,Thursday,45.75139990000001,44.93568010000002,19.889999700000004,20.1616,672.2299926757812,633.7099938964843,0.0204260886302583,0.018242261039392416,12882216000
2015-10-22,42.344002,14126000,673.5,12620.0,20.68,5500,4920.049805,2156040000,Thursday,43.6732001,44.93568010000002,20.365999900000006,20.1616,679.6599975585938,633.7099938964843,0.007758579287039824,0.016513988510173938,13095356000
2015-10-29,42.326,9025000,675.0,25420.0,20.879998999999998,7100,5074.27002,1928310000,Thursday,42.984800000000014,44.93568010000002,20.602000000000004,20.1616,678.9499938964843,633.7099938964843,-0.006245280950537224,-0.0042035369592751115,12867626000
2015-11-05,46.354,22484000,649.3,38000.0,21.0,19800,5127.740234000001,2054490000,Thursday,43.035199700000014,44.93568010000002,20.797999800000003,20.1616,669.0899963378906,633.7099938964843,0.000604412209126659,-0.002866271926643349,12993806000
2015-11-12,42.588001,14579500,623.1,18010.0,20.040001,5800,5005.080078,1820930000,Thursday,43.97360030000003,44.93568010000002,20.619999999999997,20.1616,645.2699951171875,633.7099938964843,-0.028026313309005402,-0.012224136031734112,12760246000
2015-11-19,44.360001000000004,12522000,592.6,34250.0,20.620001000000002,30200,5073.640136999999,1794110000,Thursday,43.69160050000003,44.93568010000002,20.340000200000002,20.1616,620.1499938964844,633.7099938964843,0.0033021214252924036,-0.00030738846549105414,12733426000
2015-12-03,46.542,14698000,595.1,39030.0,20.07,4700,5037.529785,2088100000,Thursday,45.42419980000001,44.93568010000002,20.368000200000004,20.1616,585.7599975585938,633.7099938964843,0.003103603670494559,-0.016725892388758212,13027416000
2015-12-10,45.414001,10358500,572.3,37620.0,19.17,7800,5045.169922,1746520000,Thursday,46.07160000000001,44.57188012000002,19.89199990000001,20.257999979999997,588.9999877929688,633.7099938964843,0.011357607593034169,0.004439653919086073,12685836000
2015-12-17,46.678001,16493000,574.5,29740.0,19.6,10100,5002.549805,1897220000,Thursday,45.28820030000001,44.24216010000002,19.398000000000003,20.245999979999997,584.0699890136718,629.1539953613282,-0.0047758944181484075,-0.013523628773520757,12836536000
2015-12-24,46.113997999999995,3540000,567.2,16710.0,20.200001,41900,5048.490234000001,706880000,Thursday,45.5565998,44.45864008000003,19.544000399999998,20.2200001,579.2200012207031,618.8479956054688,0.0037875272918486136,0.0005073510553470495,11646196000
2015-12-31,48.001999,13575000,575.8,23620.0,20.09,8800,5007.410156,1437480000,Thursday,46.6174,44.677800100000034,20.029000500000002,20.20460014,573.85,610.1919958496094,0.008064156411440981,-0.01153605828626314,12376796000
2016-01-07,43.130001,17771500,562.9,44760.0,18.559998999999998,24300,4689.430176,2552590000,Thursday,45.7207997,44.81928004000004,19.9160004,20.105800139999996,570.6099975585937,601.6299963378906,-0.015476579973442761,-0.030259896496272587,13491906000
2016-01-14,41.236,32453500,579.4,39160.0,18.25,6100,4615.0,2565560000,Thursday,43.1369999,44.73788004000003,18.895000099999997,19.859400179999994,565.85,590.2099963378906,0.029304577904248452,0.019650632081901875,13504876000
2016-01-21,39.993999,15831000,592.2,25640.0,17.719998999999998,42700,4472.060059,2447750000,Thursday,41.1868003,44.35496012000002,18.1289998,19.61080013999999,569.1800048828125,584.7899975585938,0.006391469230424329,8.276915548344199e-05,13387066000
2016-01-28,37.939999,22964000,582.8,22820.0,17.66,3300,4506.680176,2322310000,Thursday,39.6964,43.911840000000026,17.8849997,19.377800099999995,573.6499938964844,577.49599609375,0.00866701274350068,0.008618798002821393,13261626000
2016-02-04,35.066002000000005,21927000,580.0,28030.0,18.360001,12700,4509.560059,2200930000,Thursday,37.79980009999999,43.22600006000003,17.933999800000006,19.13440005999999,573.6499938964844,577.49599609375,0.010664140265856048,0.001181070441101939,13140246000
2016-02-11,30.094,71262000,522.6,40550.0,17.25,6400,4266.839844,2812330000,Thursday,33.45420019999999,41.72788006000005,17.784000100000007,18.845800079999993,563.0099914550781,577.49599609375,0.047330724832279625,-0.003910271666990206,13751646000
2016-02-18,33.354,19438000,572.6,20340.0,18.26,4800,4487.540039,1955870000,Thursday,31.39940009999999,40.565440080000045,17.800000200000007,18.672000039999993,557.089990234375,577.49599609375,-0.011323215556082511,-0.010260124346535449,12895186000
2016-02-25,37.486,28753500,572.9,27960.0,18.559998999999998,6100,4582.200195,1667840000,Thursday,33.6018002,39.61144006000004,18.150999900000006,18.587000079999992,572.6399963378906,577.49599609375,0.047095001315502705,0.008715327354538394,12607156000
2016-03-03,39.147999,24145000,606.1,31300.0,19.790001,4700,4707.419922,1936290000,Thursday,36.8132003,38.870120100000044,18.880000100000007,18.58340005999999,589.8400024414062,577.49599609375,0.03929064562203033,0.0008504450094473093,12875606000
2016-03-10,41.035999,25962500,593.1,30730.0,19.99,6600,4662.160156,1936470000,Thursday,39.5105998,38.354520020000045,19.741000200000013,18.598800019999988,597.7799987792969,577.49599609375,-0.016960521678816787,-0.0026141921080143904,12875786000
2016-03-17,45.276001,18914500,590.0,38260.0,21.41,21300,4774.990234000001,1907190000,Thursday,42.24259980000001,38.06320006000004,20.52000010000001,18.67039997999999,594.8099975585938,577.49599609375,0.02005134411520082,0.002313200650436942,12846506000
2016-03-24,45.549999,24804500,581.0,10750.0,21.059998999999998,22100,4773.5,1590990000,Thursday,44.89860000000001,38.431680040000046,21.16500000000001,18.96079999999999,582.4099975585938,577.49599609375,0.02322760408005209,0.0009730076230589635,12530306000
2016-03-31,45.953998999999996,40064500,550.6,20100.0,21.48,63300,4869.850098,1774270000,Thursday,45.98119960000001,38.83507994000004,21.46500000000001,19.229999979999988,574.3299987792968,577.49599609375,0.01269339824114768,0.00011501861575591299,12713586000
2016-04-07,51.439999,44281000,562.1,23760.0,20.91,13700,4848.370117,1908940000,Thursday,48.14939970000002,39.92111994000005,21.263000100000006,19.561400079999988,564.8899963378906,577.49599609375,-0.030969802577047734,-0.014703152148226706,12848256000
2016-04-14,50.372002,20661000,599.9,13690.0,22.290001,107800,4945.890136999999,1645810000,Thursday,50.337400200000005,41.143159960000055,21.496000200000008,19.963800119999988,574.4599975585937,577.9419970703125,-0.010489844438370421,-0.0003092086429126173,12585126000
2016-04-21,49.658001,13915500,602.1,61920.0,23.43,66300,4945.890136999999,1758190000,Thursday,50.16439999999999,42.928639940000046,22.54000000000001,20.50080005999999,595.15,581.7959973144531,-0.006720766626410524,-0.0004526449492959772,12697506000
2016-04-28,49.542,12595000,613.8,21460.0,22.82,43300,4805.290039,2161400000,Thursday,50.250199800000004,44.886479920000035,23.140000000000008,21.037200079999987,606.7299987792969,587.6859985351563,-0.014952062173461234,-0.01189562635875141,13100716000
2016-05-05,42.306,56274000,597.7,47200.0,22.629998999999998,41700,4717.089844,1888350000,Thursday,48.149200099999995,46.013159940000044,22.876999700000006,21.467199999999988,616.1599975585938,591.1159985351562,-0.04955969065511123,-0.0018093406929261535,12827666000
2016-05-12,41.456001,18252500,577.9,32830.0,23.34,122100,4737.330078,1930450000,Thursday,43.955000299999995,46.43071990000004,22.868999800000005,21.865600039999983,605.4100036621094,591.4699987792969,-0.008039792304747384,-0.004906823021348261,12869766000
2016-05-19,43.042,34331500,578.8,23230.0,23.17,66500,4712.529785,1805890000,Thursday,41.91439999999999,46.56491996000003,23.08900010000001,22.16539999999998,584.7200073242187,588.9079992675781,0.01913148129157838,-0.005610816215570691,12745206000
2016-05-26,45.023998,20362000,558.7,28930.0,23.969998999999998,134400,4901.77002,1606250000,Thursday,42.92099979999999,46.68895994000004,23.400999700000007,22.47419993999998,574.0099975585938,586.9879992675782,0.02522993897440573,0.0014055234760013136,12545566000
2016-06-02,43.792,10164000,570.0,23370.0,24.42,99600,4971.359863000001,1729050000,Thursday,43.9821999,46.50139992000003,23.87299950000001,22.692399899999984,568.089990234375,585.7839990234374,-0.002732715493093396,0.0038588243727599725,12668366000
2016-06-09,45.872002,22460500,598.3,50240.0,25.51,148700,4958.620117,1632340000,Thursday,44.93600020000001,46.498520080000034,24.761999900000013,23.08379993999998,576.0599975585938,587.1719982910156,-0.026154848845108658,-0.003220337463376799,12571656000
2016-06-16,43.585999,12201500,597.2,25530.0,24.65,118100,4844.919922,1851770000,Thursday,44.48280040000001,45.90656006000005,24.973000400000007,23.425199939999985,591.9099975585938,590.8719982910156,0.0010564538112893818,0.0020661613790387,12791086000
2016-06-23,39.279999,50653500,618.5,22580.0,25.620001000000002,78200,4910.040039,1738570000,Thursday,42.7018003,45.05976016000004,24.928000200000007,23.786399959999986,608.0099975585938,594.8679992675782,-0.0013221295300994695,0.015873192297154448,12677886000
2016-06-30,42.456001,24215500,636.7,16520.0,24.99,268700,4842.669922,2171180000,Thursday,41.2760003,44.09324016000004,24.659999900000006,23.899599919999986,620.2999938964844,596.7019970703125,0.009943456393903594,0.013269848197938972,13110496000
2016-07-07,43.188,18060000,654.7,61890.0,24.27,177400,4876.810059,1672770000,Thursday,41.4644,43.50628016000005,24.489999900000004,24.01499989999999,639.5099975585938,601.5459985351563,0.006994963626189232,0.0036322949714275854,12612086000
2016-07-14,44.306,13379000,691.7,45280.0,25.66,65200,5034.060059,1641170000,Thursday,43.6682002,43.09112016000005,25.023999600000003,24.263199879999984,671.8700073242187,607.6359997558594,-0.004493798487983702,0.005659530001256741,12580486000
2016-07-21,44.099998,22143500,718.0,69110.0,24.67,46600,5073.899902,1880310000,Thursday,44.62080000000001,43.30768014000006,25.293000000000003,24.51639993999999,694.5500061035157,618.25,-0.03441940281968381,-0.003149409411466131,12819626000
2016-07-28,46.122002,12095500,715.3,37370.0,24.99,61000,5154.97998,1950910000,Thursday,45.23320010000001,43.72404018000007,25.094000400000002,24.68399997999999,703.1400085449219,629.9479992675781,0.009278304990226971,0.0029514555646734664,12890226000
2016-08-04,46.122002,20735000,708.3,44860.0,24.92,79800,5166.25,1930000000,Thursday,45.78580030000002,43.994480180000075,24.819000199999998,24.82379999999999,707.0900085449218,643.9140014648438,0.02134729125853041,0.0012616460722389977,12869316000
2016-08-11,44.981998,9404500,716.0,25400.0,25.139999,63700,5228.399902,1511670000,Thursday,45.684600100000004,44.09568020000008,24.897999900000002,24.91840003999999,716.1900024414062,659.3480017089844,-0.003279481425227604,0.0045767042956428305,12450986000
2016-08-18,44.702,8572500,689.6,25460.0,24.780001000000002,60400,5240.149902,1659080000,Thursday,45.1478001,44.07596020000009,24.9240001,24.888600059999995,676.739990234375,681.30599609375,0.0012094830946398627,0.0021974551141588083,12598396000
2016-08-25,44.192001,8812500,656.7,27360.0,24.74,54700,5212.200195,1511890000,Thursday,44.75819980000001,44.14664006000009,24.7420003,24.876800019999997,676.739990234375,681.30599609375,-0.007456585547416461,-0.0010521410934868358,12451206000
2016-09-01,40.153999,39715500,664.6,37210.0,24.690001000000002,49300,5227.209961,1592520000,Thursday,43.513200000000005,44.106400080000085,24.668999900000003,24.839000019999993,667.7999938964844,681.30599609375,-0.053016390736286056,0.002683513341666721,12531836000
2016-09-08,39.472,16889500,685.5,31250.0,25.360001,48200,5259.47998,1839790000,Thursday,41.5990005,44.145560080000095,24.901999900000003,24.930200019999994,664.9099975585938,681.30599609375,-0.02156558974680456,-0.00462727462051904,12779106000
2016-09-15,40.084,15386000,648.9,39250.0,24.52,37300,5249.689941,1950940000,Thursday,39.72200009999999,43.8186001200001,24.7550004,24.883600099999995,670.4699951171875,681.30599609375,0.020416449762831634,0.014674003812794156,12890256000
2016-09-22,41.285999,11914500,705.1,36160.0,24.629998999999998,37300,5339.52002,1882100000,Thursday,40.27360039999999,43.512000160000106,24.424000200000002,24.830400140000002,674.7899963378907,681.30599609375,0.005896111633761469,0.008373623281218379,12821416000
2016-09-29,40.139998999999996,13635000,693.8,39300.0,24.52,30800,5269.149902,1941170000,Thursday,41.145000499999995,43.141680180000115,24.472999900000005,24.72760008,691.8199890136718,681.30599609375,-0.027003513501550835,-0.009288227958974549,12880486000
2016-10-06,40.200001,23517000,684.5,30080.0,24.440001000000002,70000,5306.850098,1654020000,Thursday,41.35640069999999,42.77296032000011,24.4940002,24.697000099999997,692.4099914550782,681.30599609375,-0.035786241106537386,-0.0017249600199963355,12593336000
2016-10-13,40.048,12473000,696.4,36260.0,23.49,85200,5213.330078,1735310000,Thursday,40.760200099999985,42.1770002200001,24.287,24.626200039999993,690.0300048828125,681.30599609375,-0.0063023674409391495,-0.004903577749641785,12674626000
2016-10-20,39.82,25364500,675.2,21600.0,24.35,55800,5241.830078,1741820000,Thursday,39.83279959999999,41.579800140000096,23.9989998,24.52020005999999,692.3900085449219,681.30599609375,-0.021910050014244065,-0.0008729927443362762,12681136000
2016-10-27,40.801998,65468500,689.9,29130.0,23.83,31900,5215.970215,1918690000,Thursday,40.07339989999999,41.13372014000009,24.0809998,24.454799999999988,683.9700012207031,681.3179968261719,0.008751878522949008,-0.006532960184779113,12858006000
2016-11-03,37.484001,13265000,700.1,21890.0,24.030001000000002,55200,5058.410156,2107720000,Thursday,39.5074001,40.51384026000007,24.011999799999998,24.366199979999983,687.45,682.3899987792969,-0.0031911232847569027,-0.009236905894091318,13047036000
2016-11-10,37.07,33751500,766.9,37050.0,23.610001,84400,5208.799805,2984360000,Thursday,38.36099999999999,40.01232012000007,23.921000099999997,24.303400039999982,720.6300048828125,691.3839990234375,-0.02478167355620131,-0.00804979183609511,13923676000
2016-11-17,37.731998,24435500,760.2,19290.0,23.77,24400,5333.970215,2081760000,Thursday,37.60979999999999,39.716000160000064,23.785,24.142799999999983,755.5400085449219,700.5160009765625,0.025716278630899758,0.007439709366881431,13021076000
2016-12-01,36.375999,25632000,764.7,24540.0,24.59,66500,5251.109863000001,2264960000,Thursday,37.922599999999974,39.31688010000007,24.1190001,24.098999959999983,771.910009765625,718.8380029296875,-0.03970438121160558,-0.013631606445322908,13204276000
2016-12-08,38.458,15970500,751.8,24020.0,25.790001,60100,5417.359863000001,2231070000,Thursday,37.86360009999998,38.93532004000008,24.734000099999996,24.164599959999986,774.8300048828125,726.0760046386719,-0.0044525238298596115,0.0043754445922428165,13170386000
2016-12-15,39.515999,16098000,763.4,21950.0,25.049999,33800,5456.850098,2095910000,Thursday,38.371799899999985,38.69823998000008,25.187999799999996,24.23399991999999,771.9600036621093,734.336005859375,-0.005586592319356654,0.0037118633813575386,13035226000
2016-12-22,41.689999,15555500,729.8,23280.0,24.780001000000002,35400,5447.419922,1582600000,Thursday,40.183800099999985,38.81820006000008,25.116999999999997,24.309999959999995,754.1200012207031,738.9460046386719,0.0036109291379169406,-0.004388295788790075,12521916000
2016-12-29,42.936001,20225000,685.7,18610.0,24.530001000000002,95100,5432.089844,1264480000,Thursday,41.90059999999998,39.12812010000009,24.843000099999994,24.38699998,724.7,739.0600036621094,-0.023027235686391534,-0.001189692663096209,12203796000
2017-01-05,45.349998,29558500,696.1,26930.0,25.59,125500,5487.939941,1792610000,Thursday,43.357199499999986,39.44375996000009,24.839999999999993,24.440399980000006,700.5099914550781,740.1360034179687,-0.0010573373509259465,0.001997433083804845,12731926000
2017-01-12,45.917999,18951000,701.8,79600.0,26.219998999999998,169200,5547.490234000001,1801750000,Thursday,44.97159919999998,40.01651990000009,25.34000009999999,24.61380004000001,696.3499938964844,741.6700024414063,-0.0006094110610153081,-0.002904508422463925,12741066000
2017-01-19,48.751999,38661500,673.2,36850.0,26.200001,55300,5540.080078,1805710000,Thursday,46.633599399999994,40.81115986000009,25.937000399999988,24.809200080000004,697.9199951171875,741.232001953125,0.022654765425097034,-0.0028025207265841567,12745026000
2017-01-26,50.501999,15760500,645.1,39280.0,27.190001000000002,90900,5655.180176,1827490000,Thursday,48.80559989999999,42.02363986000009,26.569000499999987,25.10980012,683.6599975585938,686.2780017089843,-0.007702322322821642,-0.00020502092023877427,12766806000
2017-02-02,50.310001,12499000,696.9,39800.0,26.959999,78600,5636.200195,2073980000,Thursday,50.23080019999998,43.357519860000075,26.841000099999984,25.4256001,683.6599975585938,686.2780017089843,0.00926819531375389,-0.0011430280297407558,13013296000
2017-02-09,53.84,39101000,686.3,29080.0,26.559998999999998,28600,5715.180176,1943840000,Thursday,51.08319999999997,44.702559840000085,26.709999799999984,25.6816001,683.6599975585938,686.2780017089843,0.027167277167277293,0.005759835964562976,12883156000
2017-02-16,53.790001000000004,35386500,739.6,44430.0,26.6,40200,5814.899902,1943600000,Thursday,53.547599799999986,46.504159820000076,26.74299989999999,25.909400079999998,709.15,686.2780017089843,-0.03864024521018006,-0.0007801505034897849,12882916000
2017-02-23,51.198002,74576000,700.2,31890.0,26.34,93100,5835.509765999999,1879670000,Thursday,54.5568002,47.766759860000086,26.677999999999987,25.997200139999997,717.7900024414063,686.2780017089843,-0.06405612226244006,-0.004286248662940917,12818986000
2017-03-02,50.096001,16759000,722.4,28500.0,26.42,120300,5861.220215,2040770000,Thursday,52.035800699999996,48.82427994000008,26.351000099999986,26.101000119999995,726.15,686.2780017089843,0.0018398327397874947,-0.007250906848194294,12980086000
2017-03-09,48.98,19396500,678.0,40850.0,26.040001,220600,5838.810059,1883930000,Thursday,49.93720039999998,49.632799960000085,26.16099989999999,26.222200099999995,718.6400085449219,686.2780017089843,-0.007979928545794879,0.00021588749425682785,12823246000
2017-03-16,52.41,35661000,666.7,25690.0,26.780001000000002,53000,5900.759765999999,1766980000,Thursday,50.175599799999986,50.35683994000008,26.302000099999994,26.40900009999999,688.9300109863282,686.2780017089843,0.0247135650881789,0.00012033135710098897,12706296000
2017-03-23,50.956001,16601000,654.1,26520.0,26.950001,51600,5817.689941,1742640000,Thursday,50.99059979999997,50.91680004000009,26.73400029999999,26.56040009999999,665.8900024414063,686.2780017089843,-0.0009018862182244014,-0.0006785366163212236,12681956000
2017-03-30,55.584,20742000,646.2,23510.0,27.309998999999998,128600,5914.339844,1723770000,Thursday,53.00040029999997,51.697280120000094,27.10800009999999,26.66100007999999,653.3899963378906,686.2780017089843,0.0019467516783202576,0.0028469516248537108,12663086000
2017-04-06,59.740002000000004,27603000,654.1,40380.0,28.790001,162000,5878.950195,1845800000,Thursday,56.80700059999997,52.60820018000008,27.762000199999996,26.821600079999993,648.3599975585937,686.2780017089843,0.01254240677966112,0.002467433608665859,12785116000
2017-04-13,60.799999,46423000,626.7,29480.0,28.280001000000002,41800,5805.149902,1581870000,Thursday,59.974000299999965,53.677080180000075,28.476000699999997,27.003200159999995,646.3700012207031,683.9440026855468,0.024120721600862316,-0.005313468645667507,12521186000
2017-04-20,60.501999,30747000,612.8,35940.0,28.389999,44500,5916.779785,1749110000,Thursday,60.65799979999997,54.44344012000007,28.510000299999994,27.122200139999997,630.5299987792969,677.1980029296875,-0.009852071877454849,0.00916761503370056,12688426000
2017-04-27,61.726002,17343000,596.2,25680.0,28.629998999999998,46500,6048.939941,1876700000,Thursday,61.19879939999997,55.17996012000006,28.472999999999992,27.31480018,606.1300048828125,666.2280029296875,-0.004964986942644356,0.0039351130294946746,12816016000
2017-05-04,59.091999,70760000,580.0,34350.0,28.01,76300,6075.339844,2056270000,Thursday,62.16979979999998,55.94168008000006,28.60400029999999,27.505200179999996,599.8900024414063,653.5840026855469,-0.05002893785012108,0.0004594509867508201,12995586000
2017-05-11,64.620003,23769000,598.4,30590.0,28.99,81300,6115.959961,1950910000,Thursday,62.94779979999996,57.24523996000006,28.649000099999995,27.76440018,597.9300048828125,640.46400390625,-0.006518602892174652,-0.0021504119183757275,12890226000
2017-05-18,62.612,28269000,594.2,31880.0,28.57,78900,6055.129883,2131520000,Thursday,63.23979959999997,58.557839880000074,28.873999899999994,28.041800199999997,591.7300048828125,627.7580017089844,0.022704256639769937,0.007301263514932543,13070836000
2017-05-25,63.366001000000004,25070000,582.0,22920.0,29.799999,148600,6205.259765999999,1767690000,Thursday,62.57919959999998,59.77223990000007,29.206999899999992,28.35260016,593.6099975585937,620.2860009765625,0.021307491801100698,0.006853741487602649,12707006000
2017-06-01,68.07399699999999,38040000,570.2,35870.0,29.879998999999998,60400,6246.830078,1943610000,Thursday,64.13539959999997,60.99411984000007,29.539999699999992,28.59000008,589.0199951171875,613.19,-0.0018768656985046483,0.007793805270310372,12882926000
2017-06-08,74.0,45307500,567.9,28770.0,29.99,57900,6321.759765999999,2128780000,Thursday,68.56239959999996,62.79031978000006,29.920999599999995,28.876800040000003,575.1699951171875,605.5160009765625,0.02877797859029596,0.0038714327947426685,13068096000
2017-06-15,75.068001,52132500,573.4,21670.0,29.299999,104400,6165.5,1858130000,Thursday,72.35900039999997,64.44015984000006,29.84199969999999,29.06799998,570.8,597.9619995117188,-0.013975765040941446,-0.004744254756749,12797446000
2017-06-22,76.522003,37649000,582.8,31120.0,29.059998999999998,63100,6236.689941,2170250000,Thursday,74.41460039999997,65.86059974000007,29.49899969999999,29.119599899999997,573.7700012207031,590.2500012207031,0.016498459305239743,0.00043948795134696184,13109566000
2017-06-29,72.150002,41105000,598.1,28830.0,28.93,174700,6144.350098,2402250000,Thursday,74.55500029999997,67.24959992000008,29.244999599999982,29.21739981999999,583.6999938964843,587.3999987792969,-0.028256639528921434,-0.014445642129163772,13341566000
2017-07-06,61.765999,96622500,589.4,18960.0,29.02,68900,6089.459961,1990590000,Thursday,71.76120069999997,67.73047998000007,29.15399969999998,29.256599819999987,592.2099975585937,586.9919995117187,-0.05582561459882007,-0.009982328222001513,12929906000
2017-07-13,64.681999,42972500,591.5,18080.0,30.35,246600,6274.439941,1803810000,Thursday,66.40639989999995,67.86979988000009,29.44300009999999,29.36759979999999,592.7200012207031,585.2479992675782,-0.0185421221555917,0.002119415247519907,12743126000
2017-07-20,65.984001,25831000,610.4,29280.0,30.6,105200,6390.0,1818880000,Thursday,64.80380049999997,68.21976012000007,30.202000199999997,29.577399859999993,602.3399963378906,587.9119982910156,0.014326984125715425,0.0007768096941764835,12758196000
2017-07-27,66.891998,41512000,649.5,31650.0,30.74,378800,6382.189941,2483560000,Thursday,66.39199979999998,68.55099996000007,30.715000100000005,29.751199819999993,625.5500061035157,592.1040002441406,-0.027308406018979547,-0.006315061149819057,13422876000
2017-08-03,69.417999,67675000,660.9,28790.0,31.92,293300,6340.339844,2113440000,Thursday,66.79839919999996,68.97852000000006,31.087999999999994,29.982199879999992,646.1000183105468,598.0580017089844,0.06505259343562875,-0.0035064098046613257,13052756000
2017-08-10,71.08000200000001,35464500,697.2,40560.0,31.389999,346000,6216.870117,2204700000,Thursday,68.94640039999997,69.65024006000007,31.76399989999998,30.22079985999999,667.9700134277343,607.5900036621093,-0.02236402742051502,-0.021324452498011293,13144016000
2017-08-17,70.384003,25138500,683.0,36370.0,31.84,246400,6221.910156,2041220000,Thursday,71.90120089999996,69.88540028000007,32.04699959999998,30.416599859999987,724.9600036621093,753.3720007324218,-0.030282962300805072,-0.019416481299781796,12980536000
2017-08-24,70.585999,22923500,748.9,37530.0,32.900002,242200,6271.330078,1616780000,Thursday,70.62399989999996,69.44312004000008,32.15999969999997,30.672799859999994,724.9600036621093,753.3720007324218,0.0004535249531774088,-0.0011276864403696463,12556096000
2017-08-31,71.18,20364000,743.4,13270.0,33.720001,255400,6428.660156,1885710000,Thursday,69.65039999999996,68.9830002600001,32.83499939999997,31.06519977999999,736.2200073242187,753.3720007324218,0.0077014268163138055,0.009476626678173394,12825026000
2017-09-07,70.122002,21196000,778.7,40900.0,34.57,477700,6397.870117,1998380000,Thursday,70.06420069999996,68.5598401800001,33.545999799999976,31.456799859999993,755.4900085449219,753.3720007324218,0.017647288121420024,0.0007132546299049025,12937696000
2017-09-14,75.528,36012500,717.3,62550.0,37.32,927300,6429.080078,1809170000,Thursday,71.39480049999996,68.72144020000009,35.11700009999998,32.163799839999996,754.2800048828125,753.3720007324218,0.031155256774287876,-0.004815626674156914,12748486000
2017-09-21,73.295998,23091000,694.4,81540.0,37.950001,1145100,6422.689941,1772790000,Thursday,73.88019949999997,69.86328006000006,37.32199929999997,33.050399719999994,725.9399963378906,753.3720007324218,-0.019871092505445054,-0.005165720441406396,12712106000
2017-09-28,67.91999799999999,26598000,679.2,33980.0,36.959998999999996,767200,6453.450195,1828570000,Thursday,72.04399949999996,70.25384004000007,37.538999499999974,33.66279969999999,696.8799987792969,753.3720007324218,-0.004017978121242494,2.9508962432256425e-05,12767886000
2017-10-05,71.066002,20858500,690.3,44180.0,39.619999,1544000,6585.359863000001,1875670000,Thursday,69.26020039999996,70.48112016000009,37.53399989999997,34.421999679999985,720.0900085449218,753.3720007324218,0.0009014253246588666,0.007763252228251805,12814986000
2017-10-12,71.136002,20435000,740.3,43900.0,39.049999,544600,6591.509765999999,2000470000,Thursday,70.13599919999994,70.99004000000008,38.727999799999964,35.21719965999999,720.0900085449218,753.3720007324218,0.0030457417666596154,-0.00182326769018748,12939786000
2017-10-19,70.362,25309000,756.4,6020.0,39.48,615800,6605.069824,1823860000,Thursday,70.78139949999994,70.93188006000008,39.32999999999997,35.948199679999995,739.3200073242188,753.3720007324218,-0.021798971222021568,-0.002890965333041895,12763176000
2017-10-26,65.234001,25117500,762.8,33050.0,38.939999,537900,6556.77002,2108210000,Thursday,68.89700009999994,70.40851992000006,39.460999799999975,36.69839969999999,763.6400024414063,753.3720007324218,0.0010127977076603845,-0.0010847404285249107,13047526000
2017-11-02,59.852001,98957000,808.6,72820.0,39.07,1606600,6714.939941,2262940000,Thursday,65.28580049999995,69.85436012000007,39.25499969999996,37.39739973999998,773.6799987792969,753.3720007324218,-0.06795816924326481,-0.0002367061638810508,13202256000
2017-11-09,60.598,27235500,799.2,61040.0,40.310001,962200,6750.049805,2235180000,Thursday,62.30240029999995,68.95483992000005,39.57699979999996,38.084399799999986,799.9699951171875,753.3720007324218,-0.004599329958255183,-0.00575484176545471,13174496000
2017-11-16,62.5,29110500,741.1,52480.0,39.57,474800,6793.290039,2002920000,Thursday,61.46379979999996,68.13427994000006,39.87200009999996,38.66259979999999,798.3599914550781,753.3720007324218,0.0038548346885587392,0.012984991300065918,12942236000
2017-11-30,61.77,21758000,727.5,22480.0,39.889998999999996,432800,6873.970215,2458580000,Thursday,62.65999969999996,66.10615994000008,39.92300029999996,39.150400019999985,749.6100036621094,753.3720007324218,0.0042596248335116105,0.007265129484785859,13397896000
2017-12-07,62.248001,23903000,710.1,46210.0,37.549999,583700,6812.839844,1934120000,Thursday,62.12460019999996,65.27075994000008,39.17399969999997,39.29619987999999,728.7900024414063,753.3720007324218,-0.006448301730192174,0.005380448208263555,12873436000
2017-12-14,67.57800300000001,28999500,718.3,26480.0,38.619999,502700,6856.529785,1985200000,Thursday,64.03840069999997,65.01720008000008,38.34599949999996,39.34619989999999,715.0999938964844,754.1979992675781,-0.0033624900451285633,-0.002802585960397952,12924516000
2017-12-21,66.332001,21926000,770.3,46690.0,39.709998999999996,624600,6965.359863,1815620000,Thursday,66.72100069999996,64.6520803200001,39.014999699999954,39.39539985999998,735.8099975585938,758.8699987792969,0.008146437721029853,0.0006320826473147356,12754936000
2017-12-28,63.071999,21581500,787.8,40420.0,38.830002,720100,6950.160156,1311320000,Thursday,65.62880059999995,64.05964020000009,39.49599989999996,39.39639993999998,759.6200012207031,760.3099987792968,0.011936850403299504,0.0015592710896492612,12250636000
2018-01-04,62.924,49731500,801.0,40470.0,39.84,697300,7077.910156,2098890000,Thursday,63.87760019999994,63.540320360000095,39.60699989999996,39.39899983999998,780.9700073242187,763.0159997558594,-0.008290007749566453,0.0017522211888885142,13038206000
2018-01-11,67.589996,33227500,802.8,46360.0,40.450001,463100,7211.779785,2009740000,Thursday,64.77079969999997,63.65684014000011,40.01800039999996,39.553400019999984,798.6300048828125,767.1319995117187,0.009408557488180369,0.008137190582065523,12949056000
2018-01-18,68.914001,28429000,795.5,31920.0,38.459998999999996,2011900,7296.049805,2026220000,Thursday,66.84119979999996,64.09704016000009,40.19600029999996,39.58599993999998,801.3,766.7580004882813,-0.0074605082305062576,-0.00030554871362742375,12965536000
2018-01-25,67.528,33701500,868.2,62910.0,38.650002,688600,7411.160156,2061450000,Thursday,68.87719939999997,64.9718401000001,39.081999999999944,39.39799999999998,815.5699951171875,768.49,-0.023851527597624433,-0.0005259435485309716,13000766000
2018-02-01,69.849998,20988500,894.4,51490.0,36.889998999999996,1173700,7385.859863,2291680000,Thursday,69.59319909999995,65.6870800400001,38.04000009999994,39.20999995999998,861.7799987792969,873.3260009765625,-0.014281307329739423,-0.003456815247310452,13230996000
2018-02-08,63.046001000000004,51573000,849.1,54710.0,34.099998,717200,6777.160156,2707700000,Thursday,68.25679959999994,66.0853599800001,36.27899999999996,38.68079989999998,861.7799987792969,873.3260009765625,-0.08628984057971012,-0.03897059049790441,13647016000
2018-02-15,66.814003,29564500,900.9,67880.0,36.759997999999996,862300,7256.430176000001,2110700000,Thursday,65.54540019999993,66.32744008000012,35.21899979999996,38.28259989999998,862.9700012207031,873.3260009765625,0.036486690964806945,0.015791721445481244,13050016000
2018-02-22,69.234001,34849000,895.4,48130.0,36.43,329200,7210.089844,1911900000,Thursday,65.42300109999994,66.75304014000011,35.722999399999956,38.160799879999985,873.7700012207031,873.3260009765625,0.038613814064577756,-0.0011277191254025487,12851216000
2018-03-01,66.185997,34428000,873.7,51000.0,33.540001000000004,857100,7180.560059,2489040000,Thursday,68.36500099999994,66.9296000600001,35.81099959999996,37.83599993999998,891.5600036621094,873.3260009765625,-0.035358290095027,-0.01271134096810711,13428356000
2018-03-08,65.82,17831000,858.8,58270.0,34.639998999999996,835600,7427.950195,2272110000,Thursday,67.85039979999995,66.9386399600001,34.72199979999996,37.26279995999998,883.0600036621094,873.3260009765625,-0.00962983764113512,0.004231685075636538,13211426000
2018-03-15,65.120003,32824000,884.5,39740.0,35.59,277900,7481.740234000001,1991570000,Thursday,66.49639879999994,67.30095974000011,34.88799929999996,36.893199879999976,883.2399963378906,873.3260009765625,-0.0031533082174513005,-0.002010164974355688,12930886000
2018-03-22,61.82,24699000,856.2,56020.0,33.900002,257800,7166.680176000001,2347160000,Thursday,64.75679899999996,67.1111197400001,35.167999999999964,36.31899989999999,883.1399963378906,873.3260009765625,-0.023473288471866804,-0.024316243749622712,13286476000
2018-03-29,53.226002,75853500,869.9,0.0,32.98,351000,7063.450195,2554500000,Thursday,59.59799989999997,65.96159976000011,33.91700029999996,35.60899983999999,860.4400085449219,873.3260009765625,0.032392000931026566,0.016436384366142365,13493816000
2018-04-05,61.144001,95605500,863.6,41880.0,33.169998,573800,7076.549805,2124660000,Thursday,56.611599899999966,64.8165198800001,32.99299969999997,35.15679981999999,856.5300048828125,873.3260009765625,0.06544924025928767,0.004890571528988863,13063976000
2018-04-12,58.816002000000005,38044000,897.1,53260.0,33.279999,511400,7140.25,2021110000,Thursday,57.349400399999965,63.8842799200001,32.79999969999997,34.62079977999999,876.4499938964843,874.6359997558594,-0.02276275175684117,0.010074963207981513,12960426000
2018-04-19,60.015999,30453000,997.2,165440.0,33.939999,177000,7238.060059,1963950000,Thursday,59.22679989999996,62.9173199400001,33.27199989999997,34.40059976,918.7499938964844,882.8940002441407,0.022941896128920947,-0.007838011246498522,12903266000
2018-04-26,57.096001,21780000,953.8,46870.0,33.0,188300,7118.680176000001,2127140000,Thursday,57.91819989999995,62.17011992000009,33.40200019999998,34.227999839999995,953.3399963378906,893.4939990234375,0.017065107413873015,0.016411222883741194,13066456000
2018-05-03,56.889998999999996,86760500,927.0,40790.0,33.169998,210400,7088.149901999999,2345740000,Thursday,57.934800299999964,61.42435980000008,33.148999799999984,33.9113998,938.6,896.8,-0.05545410924788319,-0.0017955470681130237,13285056000
2018-05-10,61.004002,28258000,929.4,24170.0,33.959998999999996,302700,7404.970215,2233460000,Thursday,59.684000499999954,60.4683998000001,33.423999199999976,33.697399759999996,929.2500061035156,900.62,-0.005963777186960728,0.008863876752880584,13172776000
2018-05-17,56.908001,22103000,988.1,39440.0,34.799999,445700,7382.470215,1931700000,Thursday,59.178600799999955,59.6217199800001,33.998999299999966,33.73099968,954.6600036621094,910.3879992675782,-0.006771851319955169,-0.002139625375724985,12871016000
2018-05-24,55.57,20883500,1015.8,43140.0,33.27,507900,7424.430176000001,1992460000,Thursday,56.82939989999996,58.51368014000009,34.22399969999997,33.605599819999995,988.85,921.9580004882813,-0.004371645185287654,-0.00020600501592160647,12931776000
2018-05-31,56.945999,29598500,1020.2,16070.0,33.240002000000004,134500,7442.120117,2514610000,Thursday,56.336799599999964,57.98568008000009,33.88300049999998,33.45939988,1003.3599975585937,932.1560009765625,-0.023961383382648416,-0.002724316741654298,13453926000
2018-06-07,63.217999,71726500,1040.0,50070.0,34.25,523900,7635.069823999999,2328280000,Thursday,58.64380009999995,58.00468016000007,33.64700059999998,33.4847999,1025.740008544922,951.2380017089844,-0.010672973061878754,-0.007044962616784001,13267596000
2018-06-14,71.543999,54905000,1032.2,52090.0,34.09,170100,7761.040039,2188230000,Thursday,64.20620009999995,59.46136014000007,34.12999989999999,33.65399985999999,1039.6199951171875,968.507998046875,0.037531149754464366,0.008490435222834103,13127546000
2018-06-21,69.501999,39835500,1018.2,40810.0,32.630001,367100,7712.950195,2315880000,Thursday,69.72620039999994,60.62524020000007,33.64399979999998,33.66839987999999,1026.5599792480468,982.3739978027344,-0.04061069239688597,-0.008810574433711915,13255196000
2018-06-28,69.986,41990000,1011.8,39810.0,32.439999,249000,7503.680176000001,2195400000,Thursday,69.88700029999993,61.57084018000007,32.84099969999998,33.583199839999985,1016.3699951171875,990.7039990234375,0.01576194439007428,0.007870982902274282,13134716000
2018-07-05,61.832001,87382000,977.0,46200.0,32.389998999999996,367300,7586.430176000001,1745030000,Thursday,66.97239959999993,62.13440014000007,32.541999799999985,33.49299983999999,1008.9,993.197998046875,-0.0054686996482549155,0.011164059577563279,12684346000
2018-07-12,63.341999,28606000,970.4,50130.0,33.09,166800,7823.919922,1926110000,Thursday,64.67039989999995,62.66032010000007,32.7150001,33.491999939999985,982.0599975585938,996.437998046875,-0.00705419174818156,0.013906373511836545,12865426000
2018-07-19,64.045998,29576500,923.3,44580.0,32.599998,170300,7825.299805,1853030000,Thursday,63.62579959999994,63.10555996000007,32.905999599999994,33.42919985999998,948.7900024414063,996.4299987792969,-0.01117799959138499,-0.0037100208568517923,12792346000
2018-07-26,61.330002,23152500,942.0,31290.0,32.540001000000004,166700,7852.180176000001,2263070000,Thursday,62.506799699999945,63.267639940000066,32.53399929999999,33.25739989999999,932.2400024414062,994.057998046875,-0.00676943371818628,-0.010092994619204543,13202386000
2018-08-02,69.907997,116075000,916.3,48320.0,32.189999,237100,7802.689941,2081300000,Thursday,61.30939969999995,63.78175988000007,32.29899929999999,33.038599799999986,932.25,988.0039978027344,0.1618800385899486,0.012377878802700026,13020616000
2018-08-09,70.489998,85919000,952.1,39100.0,32.91,245300,7891.779785,2032950000,Thursday,66.56780009999994,65.30684000000007,32.487999399999985,32.957599739999985,939.5599975585938,982.137998046875,-0.04830700102193919,0.0004373177803018713,12972266000
2018-08-16,67.089996,30320000,932.4,43400.0,31.51,270500,7806.52002,1979540000,Thursday,70.52399989999994,66.30587984000007,32.15799999999999,32.742199679999985,940.0,847.7359985351562,-0.009566314469962478,0.004167661743371909,12918856000
2018-08-23,64.019997,25736500,925.6,42320.0,31.52,305900,7878.459961,1879890000,Thursday,66.22519879999993,66.00259974000008,31.697000100000004,32.487999739999985,940.0,847.7359985351562,-0.004788054744991999,-0.0013487136514719333,12819206000
2018-08-30,60.630001,36083500,938.4,31850.0,32.049999,130900,8088.359863,2014450000,Thursday,62.793799999999905,65.04507976000008,32.00300000000001,32.38159973999999,940.6,847.7359985351562,-0.006098128030197825,-0.0026301964878042705,12953766000
2018-09-06,56.189999,37404000,896.2,42090.0,31.08,197100,7922.72998,2368680000,Thursday,60.6902001999999,64.22967984000007,31.907999700000005,32.28619971999999,922.810009765625,847.7359985351562,0.0007480230951775191,-0.009060463092931847,13307996000
2018-09-13,57.891998,31701500,901.1,23800.0,31.700001,184500,8013.709961,2318720000,Thursday,57.27259979999991,63.12915980000007,31.447999900000003,32.16959975999999,902.4200073242188,847.7359985351562,-0.0037172849274700326,0.007477779891901015,13258036000
2018-09-20,59.666,36747000,906.9,19450.0,33.32,283600,8028.22998,2287150000,Thursday,57.6105998999999,62.70655978000008,31.9130002,32.13939973999999,896.8200012207031,847.7359985351562,-0.0023075546400315172,0.009835163171056704,13226466000
2018-09-27,61.504002,42545500,905.6,38150.0,33.360001000000004,99100,8041.970215,2053770000,Thursday,59.7844006999999,62.40515996000009,33.033,32.19919981999998,913.5300048828125,847.7359985351562,-0.006654144324568678,0.006457785715109354,12993086000
2018-10-04,56.366001000000004,49071000,926.0,45510.0,32.869999,141600,7879.509765999999,3284550000,Thursday,59.399800199999916,62.04491994000009,33.3000002,32.281599939999985,936.9900024414062,847.7359985351562,-0.04399589626858702,-0.018140616594946257,14223866000
2018-10-11,50.445999,40838500,936.2,43100.0,29.719998999999998,583700,7329.060059,3139290000,Thursday,54.750799499999914,61.21067990000009,32.1540001,32.16199999999998,936.9900024414062,847.7359985351562,-0.01810183778616159,-0.012528849636303296,14078606000
2018-10-18,52.782001,27106000,906.4,19960.0,30.049999,145000,7485.140137,2545950000,Thursday,52.30139989999992,59.37483982000009,30.87399990000001,31.966200019999988,930.4,847.7359985351562,-0.02895720856864381,-0.020615758040996912,13485266000
2018-10-25,62.972,104203500,886.8,35960.0,29.709999,279700,7318.339844,2741810000,Thursday,54.98199999999993,58.04591990000011,30.16200010000001,31.74920003999999,910.3799926757813,847.7359985351562,0.09136913186535311,0.02953406461290009,13681126000
2018-11-01,68.856003,40000500,867.0,38020.0,31.48,409600,7434.060059,2708880000,Thursday,61.91400029999993,58.383200100000096,29.89900020000001,31.57880003999999,882.1899963378906,847.7359985351562,0.020633316463594786,0.017542008338345516,13648196000
2018-11-08,70.279999,35453500,854.6,19300.0,32.07,285800,7530.879883,2462430000,Thursday,68.11360019999994,58.980680040000095,31.037000000000006,31.566800019999988,859.5700012207031,847.7359985351562,0.009305993835822868,-0.005266336492421586,13401746000
2018-11-15,69.688004,23128500,810.9,32549.999999999996,31.74,139300,7259.029785,2508720000,Thursday,68.82780009999993,60.0107200800001,31.697000099999997,31.536600119999985,839.1100036621094,847.7359985351562,0.012906990716264888,0.017185109788792285,13448036000
2018-11-29,68.234001,15403500,764.3,33750.0,31.360001,118100,7273.080078,1983460000,Thursday,68.93379969999994,62.07491996000011,31.044999800000006,31.394600039999986,780.3,847.7359985351562,-0.019260011754103856,-0.0025385089392035987,12922776000
2018-12-06,72.612,39212500,767.6,37840.0,30.790001,215100,7188.259765999999,2833870000,Thursday,69.49419929999995,63.0094399200001,31.076000100000005,31.223200099999985,770.2099914550781,847.7359985351562,0.00934108953736179,0.004167057478608571,13773186000
2018-12-13,75.358002,36829500,775.0,29260.0,30.129998999999998,126100,7070.330078,2143520000,Thursday,72.12340019999995,64.3681599400001,30.708000200000004,30.90499999999999,776.3599914550781,847.7359985351562,0.02779599018003287,-0.003941780616433355,13082836000
2018-12-20,63.076,45359500,759.9,24720.0,27.24,389700,6528.410156,3258090000,Thursday,70.65559959999995,65.7584398600001,29.239000000000004,30.50820005999999,775.0599975585938,830.6719982910156,-0.05282761051062834,-0.01633610032587607,14197406000
2018-12-27,63.226002,42875500,745.6,26680.0,27.450001,188000,6579.490234000001,2415870000,Thursday,66.67359999999994,66.6780399400001,28.076000100000005,30.25560007999999,764.7799987792969,816.1219982910156,-0.03054371398866218,0.003834145748063511,13355186000
2019-01-03,60.071999,34826000,762.8,27730.0,26.26,116800,6463.5,2607290000,Thursday,63.65760009999993,67.4975198600001,27.095000200000005,29.962600059999986,754.2999938964844,803.3359973144532,-0.03147167327072342,-0.030369301672650617,13546606000
2019-01-10,68.994003,30282000,788.6,27700.0,28.42,85100,6986.069823999999,2179080000,Thursday,65.29559979999993,68.2261198600001,27.447000100000004,29.794800059999986,766.439990234375,792.3099975585938,0.019023454065763,0.004166941543719105,13118396000
2019-01-17,69.461998,18383500,821.4,30790.0,28.18,121500,7084.459961,2128840000,Thursday,67.81899979999994,68.33287980000009,28.052000100000008,29.558000079999985,799.5299987792969,787.6819970703125,0.003641077931528347,0.007074941527973833,13068156000
2019-01-24,58.301998,40061000,831.2,29510.0,27.690001000000002,95600,7073.459961,2400290000,Thursday,64.89400019999995,67.5259198000001,28.062000300000012,29.218400119999988,819.1400024414063,785.7359985351562,0.013630445647260014,0.006787859674347807,13339606000
2019-01-31,61.403999,62846000,876.9,14090.0,28.459999,158600,7281.740234000001,2918710000,Thursday,60.68520019999994,66.70075982000009,28.0960002,28.911800079999985,843.9500122070312,789.6299987792969,-0.0056676974554621395,0.013735076725953865,13858026000
2019-02-07,61.501999,32603000,920.6,38090.0,28.58,80100,7288.350098000001,2295080000,Thursday,61.556999999999924,66.1083197200001,28.58600009999999,28.714400139999974,892.85,803.3699963378906,-0.030609687283273512,-0.011786629054642561,13234396000
2019-02-14,60.754002,26004000,863.1,37750.0,28.389999,81000,7426.950195,2103370000,Thursday,62.27139979999993,65.3601199000001,28.619999999999994,28.433800139999974,902.639990234375,814.9659973144531,-0.014277785220459194,0.0008854414603560734,13042686000
2019-02-21,58.245998,44546000,911.2,36360.0,29.620001000000002,278700,7459.709961,2119080000,Thursday,61.14419979999993,64.4324798000001,28.660000000000004,28.27600011999998,891.9499938964843,824.577998046875,-0.03744716688512739,-0.0039203617658779555,13058396000
2019-02-28,63.976002,52603500,929.1,16239.999999999998,29.93,193100,7532.529785,2647080000,Thursday,60.74080049999994,63.17228000000009,29.54500010000001,28.297600119999984,906.7899963378907,838.607998046875,0.01633093930447549,-0.00290951784838811,13586396000
2019-03-07,55.318001,47212500,926.5,53070.0,28.540001,122300,7421.459961,2440840000,Thursday,58.70960059999993,62.19608006000009,29.677999900000003,28.426200079999987,932.0899963378906,856.4319970703125,0.0012670141676256463,-0.011252446319397369,13380156000
2019-03-14,57.992001,35517000,891.3,50300.0,28.48,91400,7630.910156,2176510000,Thursday,56.937199899999925,61.528319980000084,28.869999900000003,28.572000079999988,925.0199951171875,872.3139978027343,0.003460703903654494,-0.001635395686595209,13115826000
2019-03-21,54.804001,29735500,892.3,29180.0,28.77,93200,7838.959961,2483580000,Thursday,55.946999799999936,60.574440120000084,28.549000400000004,28.70060013999999,901.0799987792968,884.8499987792969,0.0015350876912447742,0.014230840971095615,13422896000
2019-03-28,55.723999,33870500,885.9,34070.0,28.0,96400,7669.169922,1902060000,Thursday,54.12359969999993,59.12075996000008,28.2250002,28.666600099999993,894.7800048828125,893.8280004882813,0.013790324928137254,0.0033741668469680075,12841376000
2019-04-04,53.556,118603500,908.0,46750.0,29.18,99500,7891.779785,2094200000,Thursday,55.21359959999993,58.45027994000007,28.376999599999998,28.75220001999999,900.6099975585937,901.927998046875,-0.08234810321784736,-0.00047748669733072013,13033516000
2019-04-11,53.683997999999995,49179500,892.9,46270.0,29.1,134700,7947.359863,1956840000,Thursday,55.58919999999993,57.945439920000084,29.0889996,28.871199959999995,908.5099975585938,907.8239978027344,-0.027675214530348158,-0.002119520569951794,12896156000
2019-04-18,54.652,29381500,876.3,44050.0,29.059998999999998,62600,7998.060059,2089360000,Thursday,54.33760029999992,57.07040002000008,29.222999699999995,28.89739992000001,901.0800048828125,905.3619982910157,0.007484459959608447,0.0002476189558742181,13028676000
2019-04-25,49.526001,109247000,862.6,26230.0,27.719998999999998,125200,8118.680176000001,2063270000,Thursday,53.06579959999991,56.25031996000008,28.8029998,28.891999900000005,882.7,903.237998046875,-0.042642795277305856,0.002057564787191213,13002586000
2019-05-02,48.82,90796500,846.2,29500.0,27.799999,205600,8036.77002,2158600000,Thursday,49.992199299999925,54.91187988000007,28.047999800000003,28.786199920000005,842.4200012207032,862.4219982910156,0.04311786005375251,-0.0015988437720144688,13097916000
2019-05-09,48.396,33557000,830.7,35470.0,27.09,94500,7910.589844,2520770000,Thursday,48.75319959999992,53.899639840000084,27.660000000000004,28.5459999,842.4200012207032,862.4219982910156,-0.011681077676872209,-0.004120440914529011,13460086000
2019-05-16,45.666,37416500,856.7,34510.0,26.23,76700,7898.049805,2163120000,Thursday,48.06739999999992,52.7248798200001,27.0410003,28.237199999999998,842.0200012207031,862.4219982910156,-0.015606790592946562,0.00970320231022348,13102436000
2019-05-23,39.098,132735500,829.8,22320.0,24.969998999999998,167600,7628.279785,2243420000,Thursday,43.376199999999926,51.0677598400001,25.9179998,27.92659987999999,841.6100036621094,862.4219982910156,0.014320525753112268,-0.015812487609955572,13182736000
2019-05-30,37.644001,39632500,842.6,27230.0,24.719998999999998,86500,7567.720215,1872000000,Thursday,39.908600199999924,49.68799992000011,25.237999600000002,27.62079983999999,843.5899963378906,862.4219982910156,-0.008637917412830487,0.0027042954165716893,12811316000
2019-06-06,41.189999,101211000,848.2,35680.0,25.23,106300,7615.549805,2070940000,Thursday,38.26340029999992,48.16771992000012,24.904000200000006,27.30779987999999,848.5700012207031,862.4219982910156,0.047611728785499574,0.00528941071797262,13010256000
2019-06-13,42.782001,40841500,867.4,39530.0,26.129998999999998,86400,7837.129883,1838930000,Thursday,40.35840029999992,46.76484002000012,25.501000200000014,27.07059991999998,857.0000061035156,862.4219982910156,0.022221159748132546,0.005698865963969402,12778246000
2019-06-20,43.924,59317500,901.3,37830.0,26.120001000000002,217500,8051.339844,2053530000,Thursday,43.367800499999916,45.687560040000115,25.95500000000002,26.736999979999982,871.6199951171875,862.4219982910156,-0.030075498610508733,0.00801520677907952,12992846000
2019-06-27,44.568001,31698500,903.5,1730.0,25.950001,82600,7967.759765999999,2023120000,Thursday,44.36220069999991,44.709360060000115,25.952000200000025,26.41940001999998,885.8699890136719,862.4219982910156,0.016281319833994612,0.007305912592491248,12962436000
2019-07-11,47.720001,37572000,915.3,38150.0,25.709999,87000,8196.040039,1966970000,Thursday,46.07880019999992,43.86284022000012,25.933000100000015,25.990400039999972,895.4099975585938,863.4819982910157,-0.0013393395278753495,-0.0007912477959837183,12906286000
2019-07-18,50.708,23793000,1031.1,93650.0,26.139999,110500,8207.240234,2016310000,Thursday,48.607600399999924,43.95812028000013,25.954999800000017,25.826600039999967,938.8899963378906,876.4099975585938,-0.0051793141332496795,0.0026914731698965966,12955626000
2019-07-25,45.764,112091500,984.6,23730.0,25.99,141300,8238.540039,2023130000,Thursday,50.54180079999992,44.28640040000013,26.301999700000028,25.793399959999974,986.0199890136719,892.6419958496094,-0.13613715130862458,-0.009969351799555382,12962446000
2019-08-01,46.77,41297500,1019.3,67240.0,25.219998999999998,197900,8111.120117,2792650000,Thursday,48.985200599999914,44.685520440000126,26.122999700000026,25.788799959999974,997.7299926757812,907.6139953613281,-0.03211785588588745,-0.007865015572713241,13731966000
2019-08-08,47.66,26371500,1120.4,132910.0,25.16,169300,8039.160156,2415670000,Thursday,46.93320009999992,45.51640042000012,25.114999900000026,25.735999979999978,1036.2200012207031,930.88599609375,0.02090656417216019,0.022425777519136103,13354986000
2019-08-15,43.127998,40798000,1138.6,56800.0,23.4,290600,7766.620117,2182590000,Thursday,45.98819959999991,46.28336026000011,24.288000200000024,25.65919997999998,1127.0699829101563,1140.642001953125,-0.018122256625079713,-0.0009415848405767147,13121906000
2019-08-22,44.43,32795000,1117.5,34870.0,23.33,161100,7991.390137,1777630000,Thursday,44.997799599999915,46.547040280000104,23.955000200000026,25.45499997999999,1127.0699829101563,1140.642001953125,0.005977448716207201,-0.003593400190286977,12716946000
2019-08-29,44.341999,25897500,1157.9,2280.0,23.059998999999998,181400,7973.390137,1700840000,Thursday,43.86780009999992,46.438040200000096,23.278000000000027,25.14159999999999,1127.0699829101563,1140.642001953125,0.02838719328354755,0.014829074102570283,12640156000
2019-09-05,45.916,36976500,1236.7,55100.0,23.75,137000,8116.830078,2096300000,Thursday,44.01620029999992,46.5020402000001,23.08000000000003,24.929799959999986,1175.1099853515625,1140.642001953125,0.04032984229065395,0.01754447817350946,13035616000
2019-09-12,49.174,42906000,1254.6,60540.0,25.049999,97300,8194.469727,2159260000,Thursday,46.20680059999992,46.783880280000105,23.915999900000028,24.775399939999996,1247.9099975585937,1140.642001953125,-0.004977701536936552,0.003034335551203471,13098576000
2019-09-19,49.32,23979000,1249.6,46100.0,24.92,91000,8182.879883,1792700000,Thursday,48.21280069999993,47.0061603200001,24.75599970000003,24.689199879999997,1248.8500122070313,1140.642001953125,0.012772556869992346,0.0006713322842650804,12732016000
2019-09-26,48.512001,59422500,1251.5,5840.0,24.299999,47700,8030.660156,1832800000,Thursday,47.98420029999993,46.73376026000009,24.80599960000003,24.543799880000005,1238.8200073242188,1140.642001953125,0.06060338606893789,-0.005784020025890846,12772116000
2019-10-03,46.605999,75422500,1262.5,33470.0,23.889999,100500,7872.259765999999,2141490000,Thursday,47.60339969999994,46.379360080000076,24.37599990000003,24.309599940000002,1246.6400024414063,1140.642001953125,-0.04154156298156475,0.011176232747824422,13080806000
2019-10-10,48.948002,31416500,1255.0,26920.0,23.84,317100,7950.779785,1778740000,Thursday,48.04639929999993,46.46724000000009,23.938000000000027,24.088399940000002,1246.6400024414063,1140.642001953125,0.0008588721571534119,0.0059515557960325705,12718056000
2019-10-17,52.394001,23846500,1173.5,40110.0,24.49,105100,8156.850098000001,1861570000,Thursday,49.65859939999994,46.962359940000105,24.05900010000003,24.08179998,1237.7400024414062,1140.642001953125,0.008546679335001306,0.004021319233725507,12800886000
2019-10-24,59.936001,148604500,1220.4,30630.0,24.92,188500,8185.799805,1882490000,Thursday,52.097000099999946,47.61616006000011,24.432000100000035,24.080799940000002,1204.9099975585937,1140.642001953125,0.17669231630492543,0.00812949173352373,12821806000
2019-10-31,62.984001,25335000,1248.5,200.0,24.9,128600,8292.360352,2258270000,Thursday,58.44760009999995,49.58772004000011,24.73899990000004,24.201999919999995,1207.7499877929688,1140.642001953125,-0.00028567347521779585,-0.0013993430070530222,13197586000
2019-11-07,67.108002,72336500,1171.8,35680.0,26.68,130700,8434.519531,2393950000,Thursday,64.24219999999995,51.7153200600001,25.637000000000036,24.545799919999993,1201.060009765625,1140.642001953125,0.027435849487542185,0.0028404112810014315,13333266000
2019-11-14,69.870003,32324500,1121.2,42540.0,25.370001000000002,78600,8479.019531,2106550000,Thursday,66.75480039999995,54.13544006000009,26.071000300000037,24.80019997999999,1160.2800170898438,1140.642001953125,0.00936122908901793,-0.0003631268367483287,13045866000
2019-11-21,70.966003,30550000,1082.5,44760.0,25.15,113800,8506.209961,2056230000,Thursday,69.92700029999995,56.459360000000096,25.65700030000004,24.893999999999995,1116.9200073242187,1140.642001953125,0.007410183975924189,-0.0024066092008659945,12995546000
2019-12-05,66.07399699999999,18623000,983.6,16420.0,25.469998999999998,103100,8570.700195,2123380000,Thursday,66.97659989999994,59.80875988000008,25.36599970000004,24.98899999999999,1034.2599975585938,1140.642001953125,-0.007987358136473222,0.0004704597044937753,13062696000
2019-12-12,71.935997,38819500,1020.7,23970.0,26.76,144300,8717.320313,2388270000,Thursday,68.02099909999993,61.90179980000007,25.745999600000033,25.175199939999985,997.6400024414063,1140.642001953125,0.019790132977174135,0.007311086650257481,13327586000
2019-12-19,80.807999,90535500,1036.5,17500.0,27.32,97100,8887.219727,2415950000,Thursday,73.05419919999994,64.81903988000006,26.58499980000004,25.509199979999984,1013.9299987792969,1117.6660021972657,0.027699377885007426,0.00673779375280148,13355266000
2019-12-26,86.188004,53169500,1048.1,270.0,27.66,142300,9022.389648,1634920000,Thursday,79.13499989999994,67.51312002000004,27.241000300000053,25.775199999999987,1035.8800048828125,1102.0220031738281,0.01338037577729434,0.007763955945839118,12574236000
2020-01-02,86.052002,47660500,1044.5,14630.0,27.700001,120300,9092.19043,2848370000,Thursday,83.43720009999993,70.15911998000004,27.443000300000044,26.019600019999984,1053.2799987792969,1093.5260021972656,0.0285181794277245,0.013328447296371504,13787686000
2020-01-09,96.26799799999999,142202000,1037.4,12780.0,27.48,133500,9203.429688,2534700000,Thursday,89.23399949999994,73.64435976000004,27.46600010000005,26.292200039999983,1048.3399963378906,1075.81400390625,-0.021945005263288908,0.008126574840663814,13474016000
2020-01-16,102.697998,108683500,1015.2,25480.0,29.85,162300,9357.129883,2301400000,Thursday,98.20019829999993,77.62831966000006,28.285000200000052,26.658200059999984,1030.8400085449218,1057.5380029296875,-0.00966247858232816,0.010631048195421045,13240716000
2020-01-23,114.440002,98255000,1003.8,17240.0,30.040001,174400,9402.480469,2460050000,Thursday,105.07439949999996,81.16023966000006,29.29700040000005,26.944200099999986,1025.1600036621094,1044.9880017089845,0.004635148062491767,0.001993968195636908,13399366000
2020-01-30,128.162003,145028500,946.9,20.0,29.15,164900,9298.929688,2333500000,Thursday,112.48979939999997,85.83579950000005,29.53400000000004,27.28280001999999,981.1200073242187,1026.5280017089844,0.10296223003773264,0.0025627085247281745,13272816000
2020-02-06,149.792007,199404000,957.1,16290.0,31.16,252300,9572.150391,2267300000,Thursday,134.25660009999996,94.04255960000005,29.875999900000046,27.815200039999986,949.2,1013.1600012207032,0.019409316463736115,0.0066750279831278014,13206616000
2020-02-13,160.800003,131446500,961.3,19960.0,32.220001,484000,9711.969727,2239270000,Thursday,153.32620079999998,102.85719964000005,31.04400020000005,28.414000079999983,950.5799865722656,1003.4759997558593,0.04784377702632936,-0.0014384424834258391,13178586000
2020-02-20,179.882004,88174500,941.1,13200.0,33.610001000000004,1056500,9750.969727,2735610000,Thursday,161.78479929999997,111.41627942000005,31.900000100000046,28.988800119999993,948.3499877929687,1000.2419982910156,-0.019631085641181323,-0.006744295521139532,13674926000
2020-02-27,135.800003,121386000,896.6,20.0,28.450001,886400,8566.480469,4536080000,Thursday,165.43519769999997,120.34971924000006,31.567000200000045,29.417400179999994,928.9699890136719,990.527998046875,-0.12814581818649906,-0.0461318272361656,15475396000
2020-03-05,144.908005,10852700,959.3,15450.0,29.41,417600,8738.589844,3748090000,Thursday,152.4731996,127.02127960000006,29.874000200000047,29.611800159999998,920.9299926757812,980.5019970703125,-0.03330212941836397,-0.030993259640893833,14687406000
2020-03-12,112.110001,18909100,894.4,24560.0,22.57,708600,7201.799805,5066530000,Thursday,135.6550003,131.14567932000003,27.487000100000046,29.442800139999996,935.2900024414063,968.3719982910156,-0.11617236557579769,-0.09434674309110413,16005846000
2020-03-19,85.528,30195500,854.0,25890.0,19.200001,264800,7150.580078,4762170000,Thursday,107.24679940000001,131.13987946000006,23.19400030000005,28.749600179999998,911.3500061035156,952.6399975585938,0.18387681258470678,0.022996268525090402,15701486000
2020-03-26,105.63200400000001,17380700,851.3,30.0,22.639999,191300,7797.540039,3999850000,Thursday,92.89960019999998,130.81915956000003,20.555000100000047,27.985200119999995,869.85,934.9259973144531,-0.02056554511943509,0.05596200654260963,14939166000
2020-04-02,90.893997,99292000,867.4,3670.0,20.709999,111500,7487.310059,3608190000,Thursday,98.21500019999999,130.08823962000005,20.856999700000046,27.11780005999999,930.2799987792969,943.6240014648438,-0.05625466426840531,0.017217390430787294,14547506000
2020-04-09,114.599998,68250000,890.5,3930.0,23.610001,199900,8153.580078,4123670000,Thursday,102.80119929999998,129.37067966000006,21.69100030000005,26.407400159999984,930.2799987792969,943.6240014648438,0.04402011595401434,0.007746996843269072,15062986000
2020-04-16,149.042007,103289500,908.7,4990.0,23.809998999999998,121500,8532.360352,3995870000,Thursday,119.07779979999998,128.88043976000006,22.673000200000047,25.911200139999984,930.2799987792969,943.6240014648438,0.021073427625472485,0.01658259076699986,14935186000
2020-04-23,141.12600700000002,66183500,930.9,7300.0,23.82,117000,8494.75,3734720000,Thursday,140.6718008,128.26971956000006,23.794000000000047,25.192800139999978,930.2799987792969,943.6240014648438,-0.03616936053672315,-7.41441829176237e-05,14674036000
2020-04-30,156.37600700000002,142359500,928.5,10.0,25.4,447000,8889.549805,4316380000,Thursday,150.0024017,127.18280028000007,24.466000000000044,24.470800119999975,935.1200012207031,943.6240014648438,-0.023272650458062483,-0.0028223190782504792,15255696000
2020-05-07,156.007996,57638500,929.6,12510.0,24.940001000000002,143700,8979.660156,3762070000,Thursday,153.37500310000001,125.50452084000005,24.794000100000044,23.76100011999997,928.6800048828125,943.6240014648438,-0.003245738330429959,0.0141478422545247,14701386000
2020-05-14,160.666,68411000,914.6,11460.0,24.77,198500,8943.719727,3945080000,Thursday,156.5550019,127.29968076000009,24.854000100000043,23.38280007999997,925.15,943.6240014648438,0.015639216802118883,0.009088148564100118,14884396000
2020-05-21,165.520004,61273000,940.5,17980.0,27.059998999999998,196200,9284.879883,3725950000,Thursday,161.96760109999997,130.2932409600001,25.70100000000004,23.28620007999997,932.6499938964844,943.6240014648438,0.014762886850752999,-0.0096952346741499,14665266000
2020-05-28,161.162003,36278000,922.7,0.0,28.49,215400,9368.990234,4064220000,Thursday,162.58180239999996,135.41064132000008,26.817000000000043,23.79620003999997,929.2899963378907,943.6240014648438,-0.01758044641196843,-0.004607783422867273,15003536000
2020-06-04,172.87600700000002,44438500,962.2,14850.0,30.42,241400,9615.80957,6074320000,Thursday,169.0278014,144.23592114000007,28.798999700000042,24.841199979999978,939.8900024414063,943.6240014648438,-0.02104278849106367,-0.006929795373390113,17013636000
2020-06-11,194.567993,79582500,964.4,14960.0,30.030001000000002,721000,9492.730469,5271000000,Thursday,182.72279819999994,152.9008807200001,30.757000200000043,25.827000119999983,963.4400024414062,943.6240014648438,-0.05093411177342844,-0.05265476361484511,16210316000
2020-06-18,200.792007,48759500,984.9,11890.0,31.02,150200,9943.049805,4294740000,Thursday,193.5639985999999,162.60620088000007,31.248000300000037,26.78340005999999,977.6700073242188,943.6240014648438,0.012270767881600309,0.0032813109999365597,15234056000
2020-06-25,197.195999,46272500,946.4,30.0,31.41,241600,10017.0,4709620000,Thursday,196.95779879999986,169.53148074000015,31.11100000000003,27.58180003999999,969.2400085449219,944.3300024414062,0.026153931687088905,0.010881847707606696,15648936000
2020-07-02,241.731995,86250500,976.2,12480.0,32.369999,362100,10207.629883,4017530000,Thursday,206.4203979999999,176.38308050000012,31.622000100000037,28.368000059999996,965.1700073242188,948.6200036621094,0.0795173423255302,0.0052192941161477435,14956846000
2020-07-09,278.85598799999997,58588000,997.8,17290.0,35.599998,329300,10547.75,3992920000,Thursday,237.69539659999992,186.47487984000006,33.13099980000003,29.23660002,982.8600036621094,954.1400024414063,0.02079243090155103,0.005265665951870391,14932236000
2020-07-16,300.127991,71504000,1015.2,15540.0,35.560001,422200,10473.830078,4237290000,Thursday,286.70839249999983,201.64307838000002,35.758000100000025,30.426200100000003,1012.2599975585938,964.5540014648437,-0.029346527892400776,-0.007266027862189328,15176606000
2020-07-23,302.614014,121642500,1026.6,21500.0,36.5,278400,10461.419922,4469470000,Thursday,308.45519709999985,216.90251866000003,36.51900020000003,31.535400040000003,1014.15,971.3860021972656,-0.04977607923819738,-0.022856995354462284,15408786000
2020-07-30,297.49798599999997,38105000,1039.6,10.0,35.599998,190000,10587.80957,4135200000,Thursday,304.74580069999985,230.52087834000005,35.79999960000003,32.53499998000001,1017.0399963378907,982.032001953125,-0.00775128266025038,0.00425584686719116,15074516000
2020-08-06,297.91598500000003,29961500,1101.9,22910.0,38.310001,577800,11108.070313,4086290000,Thursday,295.9409972999998,243.63375768000006,36.41899980000004,33.52900000000001,1051.6599975585937,995.7960021972656,0.003070621965162834,0.009971442946352882,15025606000
2020-08-13,324.200012,102126500,1065.6,15110.0,38.599998,274700,11042.5,3444140000,Thursday,295.97579649999983,256.10575750000004,37.97399980000004,34.44140000000001,1077.5099975585938,1009.6500012207031,0.04260469837923142,0.002747830174152366,14383456000
2020-08-20,400.365997,103059000,1103.4,17430.0,37.66,451300,11264.950195,4170980000,Thursday,333.5045958999998,274.45823702,38.392999800000034,35.08699994000001,1092.039990234375,1022.35,0.06563643751715076,0.010630301854990698,15110296000
2020-08-27,447.75,118465000,1117.4,90.0,39.080002,391200,11625.339844,3535800000,Thursday,394.6647978999998,296.88423736,38.43600020000004,35.890999980000004,1107.0700073242188,1035.9840014648437,0.03974604160554418,-0.0034050169878385717,14475116000
2020-09-03,407.0,87596100,1109.9,18940.0,38.619999,1212500,11458.099609,4437500000,Thursday,436.6307982999998,322.44539704,39.09000030000003,36.71039998000001,1122.57001953125,1052.6560021972657,-0.09023849487268365,-0.04962831479772012,15376816000
2020-09-10,371.339996,84930600,1091.7,15990.0,36.900002,262700,10919.589844,3814100000,Thursday,420.4319975999998,336.0288769399999,38.74300010000003,37.19779994000001,1120.7,1064.1779992675781,0.013814559937246118,-0.01992267999873909,14753416000
2020-09-17,423.42999299999997,76779200,1107.7,15070.0,40.549999,325800,10910.280273,3726750000,Thursday,400.04400019999974,352.35223751999996,38.62499920000004,37.748799840000004,1111.1499877929687,1076.0719982910157,-0.04149315597851422,-0.012686289131897177,14666066000
2020-09-24,387.790009,96561100,1053.3,1780.0,37.220001,729700,10672.269531,4080730000,Thursday,419.1210022999999,364.03543881999997,39.279999000000046,37.97619972,1090.4900146484374,1080.5180029296876,0.0195341894337282,0.0036940969694865267,15020046000
